Date,Open,High,Low,Close,Adj Close,Volume,ATR,ATR_2
2019-01-02,11.84000015258789,12.079999923706055,11.84000015258789,11.960000038146973,11.045052528381348,595883,0.0,0.0
2019-01-03,11.859999656677246,12.199999809265137,11.859999656677246,12.039999961853027,11.118931770324707,2981548,0.0,0.0
2019-01-04,12.0,12.180000305175781,11.960000038146973,12.020000457763672,11.100462913513184,7797099,0.0,0.0
2019-01-07,12.199999809265137,12.199999809265137,12.020000457763672,12.199999809265137,11.266691207885742,536000,0.0,0.0
2019-01-08,12.119999885559082,12.199999809265137,12.079999923706055,12.119999885559082,11.192811965942383,1601000,0.0,0.0
2019-01-09,12.020000457763672,12.260000228881836,11.760000228881836,11.779999732971191,10.87882137298584,2715000,0.0,0.0
2019-01-10,11.779999732971191,11.800000190734863,11.479999542236328,11.600000381469727,10.712592124938965,1335500,0.0,0.0
2019-01-11,11.65999984741211,11.739999771118164,11.300000190734863,11.399999618530273,10.527891159057617,1280902,0.0,0.0
2019-01-14,11.420000076293945,11.720000267028809,11.279999732971191,11.579999923706055,10.694122314453125,1566000,0.0,0.0
2019-01-15,11.600000381469727,11.760000228881836,11.5,11.699999809265137,10.80494213104248,1958500,0.0,0.0
2019-01-16,11.739999771118164,12.260000228881836,11.739999771118164,12.020000457763672,11.100462913513184,8979500,0.0,0.0
2019-01-17,12.100000381469727,12.15999984741211,11.84000015258789,11.899999618530273,10.989642143249512,2113660,0.0,0.0
2019-01-18,12.279999732971191,12.279999732971191,11.920000076293945,12.100000381469727,11.174342155456543,2603000,0.0,0.0
2019-01-21,12.0600004196167,12.140000343322754,11.880000114440918,12.020000457763672,11.100462913513184,2354000,0.3271429198128836,0.023367351415205972
2019-01-22,11.920000076293945,12.100000381469727,11.880000114440918,12.0,11.081991195678711,1419000,0.3194898731854497,0.022244901073222252
2019-01-23,11.899999618530273,12.100000381469727,11.859999656677246,11.979999542236328,11.063521385192871,2572000,0.3138120768716662,0.021061536447548056
2019-01-24,11.979999542236328,12.300000190734863,11.979999542236328,12.199999809265137,11.266691207885742,2835987,0.31425411770215683,0.019588715332043954
2019-01-25,12.15999984741211,12.199999809265137,11.899999618530273,12.0,11.081991195678711,1770438,0.3132359800616359,0.01826224549693517
2019-01-28,12.0,12.0600004196167,11.9399995803833,12.0,11.081991195678711,1696631,0.29943347000247605,0.017943692965665503
2019-01-29,11.920000076293945,12.0600004196167,11.920000076293945,11.979999542236328,11.063521385192871,1567432,0.288045389525353,0.017475434930769612
2019-01-30,11.960000038146973,12.180000305175781,11.9399995803833,12.079999923706055,11.155871391296387,2815000,0.2846136277587193,0.016472315419045622
2019-01-31,12.199999809265137,12.399999618530273,12.0600004196167,12.100000381469727,11.174342155456543,2025540,0.28856973998406604,0.01557830090520999
2019-02-01,12.039999961853027,12.180000305175781,11.920000076293945,11.979999542236328,11.063521385192871,2322705,0.286529060619621,0.014611327938012493
2019-02-04,11.9399995803833,11.979999542236328,11.800000190734863,11.920000076293945,11.008111953735352,768608,0.2789197956826099,0.01411118058079811
2019-02-08,11.84000015258789,12.020000457763672,11.819999694824219,11.9399995803833,11.026580810546875,1474756,0.27328272191524156,0.013505887236981696
2019-02-11,11.899999618530273,12.100000381469727,11.899999618530273,12.039999961853027,11.118931770324707,3055100,0.2680482962741138,0.012915068551563557
2019-02-12,12.0600004196167,12.119999885559082,11.960000038146973,12.039999961853027,11.118931770324707,2853833,0.26033054992682775,0.012543831251258021
2019-02-13,12.100000381469727,12.180000305175781,12.020000457763672,12.119999885559082,11.192811965942383,2879264,0.25316407117577644,0.0121597346441004
2019-02-14,12.239999771118164,12.399999618530273,12.100000381469727,12.359999656677246,11.414451599121094,3084716,0.25650944016754573,0.01153013709750532
2019-02-15,12.380000114440918,12.5600004196167,12.15999984741211,12.520000457763672,11.562211990356445,4989000,0.26675880674162034,0.011438653488688841
2019-02-18,12.539999961853027,12.65999984741211,12.5,12.5,11.543742179870605,3136432,0.2591331667895124,0.01116629537893306
2019-02-19,12.479999542236328,12.600000381469727,12.399999618530273,12.399999618530273,11.451391220092773,1065132,0.25490942365736535,0.010670398789876917
2019-02-20,12.399999618530273,12.479999542236328,12.260000228881836,12.300000190734863,11.359042167663574,2799000,0.25241584435001724,0.010086340255410572
2019-02-21,12.279999732971191,12.479999542236328,12.220000267028809,12.260000228881836,11.322101593017578,2178665,0.252957517982696,0.009404578353786872
2019-02-22,12.319999694824219,12.4399995803833,12.260000228881836,12.300000190734863,11.359042167663574,2925500,0.24774622037689378,0.009105058300359395
2019-02-25,12.260000228881836,12.34000015258789,12.0600004196167,12.15999984741211,11.229751586914062,3476255,0.25005004270505793,0.008619255730916877
2019-02-26,12.260000228881836,12.260000228881836,12.020000457763672,12.15999984741211,11.229751586914062,2649500,0.24933216616313694,0.008054871503131457
2019-02-27,12.199999809265137,12.399999618530273,12.020000457763672,12.119999885559082,11.192811965942383,1816968,0.2586655229205273,0.008146191878435663
2019-02-28,12.119999885559082,12.260000228881836,12.119999885559082,12.220000267028809,11.285161972045898,2628911,0.2501894386635435,0.008169755619760532
2019-03-01,12.199999809265137,12.399999618530273,12.180000305175781,12.380000114440918,11.432921409606934,2504500,0.2480330011414684,0.007740232898497286
2019-03-04,12.260000228881836,12.279999732971191,12.020000457763672,12.0600004196167,11.137402534484863,1477000,0.25603061939402394,0.007758617566644304
2019-03-05,12.100000381469727,12.279999732971191,12.079999923706055,12.140000343322754,11.211281776428223,1472367,0.25345695467691454,0.007388263791677526
2019-03-06,12.399999618530273,12.460000038146973,12.279999732971191,12.420000076293945,11.469861030578613,2445259,0.2582100075445791,0.007200034439962316
2019-03-07,12.380000114440918,12.699999809265137,12.359999656677246,12.5,11.543742179870605,2814500,0.26405216076195853,0.007103042924063537
2019-03-08,12.399999618530273,12.819999694824219,12.399999618530273,12.640000343322754,11.6730318069458,3832626,0.2751912975856719,0.0073913353454670965
2019-03-11,12.600000381469727,12.800000190734863,12.600000381469727,12.65999984741211,11.69150161743164,1334000,0.269820476991348,0.007247012863242584
2019-03-12,12.65999984741211,12.84000015258789,12.65999984741211,12.800000190734863,11.820791244506836,2740000,0.26340475043309325,0.007187635270029165
2019-03-13,12.600000381469727,12.699999809265137,12.5600004196167,12.5600004196167,11.599151611328125,993944,0.2617329661963126,0.0067936459105114155
2019-03-14,12.479999542236328,12.760000228881836,12.4399995803833,12.65999984741211,11.69150161743164,1150300,0.2658949435036142,0.006605669581710715
2019-03-15,12.579999923706055,12.720000267028809,12.5600004196167,12.600000381469727,11.636092185974121,784528,0.25833100806850673,0.006674117142667626
2019-03-18,12.5,12.699999809265137,12.5,12.600000381469727,11.636092185974121,1583000,0.254164493868266,0.00649500264677999
2019-03-19,12.5600004196167,12.619999885559082,12.539999961853027,12.600000381469727,11.636092185974121,812500,0.24172416742810807,0.0069196686320212725
2019-03-20,12.539999961853027,12.600000381469727,12.399999618530273,12.5,11.543742179870605,1239484,0.23874392425034702,0.006638281099574114
2019-03-21,12.420000076293945,12.479999542236328,12.34000015258789,12.399999618530273,11.451391220092773,404849,0.23311934733333003,0.006565873657962891
2019-03-22,12.5,12.760000228881836,12.5,12.699999809265137,11.72844123840332,1659516,0.24218229469177519,0.006744236065140194
2019-03-25,12.619999885559082,12.779999732971191,12.4399995803833,12.460000038146973,11.50680160522461,924002,0.2491692845414977,0.006761575621181788
2019-03-26,12.420000076293945,12.65999984741211,12.420000076293945,12.579999923706055,11.617621421813965,744868,0.24851431929697387,0.006325389165706219
2019-03-27,12.539999961853027,12.619999885559082,12.359999656677246,12.539999961853027,11.580680847167969,1102512,0.2493347414101783,0.0059321772333846634
2019-03-28,12.5,12.720000267028809,12.5,12.640000343322754,11.6730318069458,1149023,0.24723942181150904,0.005658115973762134
2019-03-29,12.539999961853027,12.699999809265137,12.4399995803833,12.5,11.543742179870605,1063100,0.2481509080308181,0.0053190709913012
2019-04-01,12.460000038146973,12.539999961853027,12.279999732971191,12.279999732971191,11.340571403503418,1518931,0.2489972880916051,0.004999593067693043
2019-04-02,12.279999732971191,12.600000381469727,12.279999732971191,12.5,11.543742179870605,709000,0.2540689566921001,0.005004741320036041
2019-04-03,12.680000305175781,12.680000305175781,12.399999618530273,12.460000038146973,11.50680160522461,925000,0.2559212231173435,0.004779564541836566
2019-04-04,12.460000038146973,12.460000038146973,12.079999923706055,12.239999771118164,11.303631782531738,2249332,0.2647840010690274,0.005071222642539946
2019-04-08,12.279999732971191,12.319999694824219,12.0600004196167,12.140000343322754,11.211281776428223,2794025,0.26444223493606256,0.004733404320427437
2019-04-09,12.15999984741211,12.34000015258789,12.100000381469727,12.239999771118164,11.303631782531738,2281841,0.2626963446633555,0.004520010459875982
2019-04-10,12.199999809265137,12.319999694824219,12.199999809265137,12.239999771118164,11.303631782531738,1092300,0.25250374044162166,0.004925195728580114
2019-04-11,12.199999809265137,12.300000190734863,12.180000305175781,12.239999771118164,11.303631782531738,2478500,0.2430391793785831,0.005249436109612859
2019-04-12,12.220000267028809,12.319999694824219,12.180000305175781,12.260000228881836,11.322101593017578,6252426,0.23567919439785842,0.00540018960040656
2019-04-15,12.260000228881836,12.300000190734863,12.15999984741211,12.220000267028809,11.285161972045898,2041375,0.22884499074963666,0.005502619175250503
2019-04-16,12.300000190734863,12.479999542236328,12.199999809265137,12.420000076293945,11.469861030578613,1909000,0.23249890090831915,0.00537056853120993
2019-04-17,12.4399995803833,12.460000038146973,12.260000228881836,12.380000114440918,11.432921409606934,1386500,0.23017753721952042,0.005152768185323417
2019-04-18,12.5,13.84000015258789,12.5,13.600000381469727,12.559591293334961,6804394,0.31802200157148125,0.011059317911511804
2019-04-23,13.619999885559082,14.119999885559082,13.5,13.739999771118164,12.688880920410156,3368927,0.33959185042773843,0.01181007012185076
2019-04-24,13.640000343322754,14.180000305175781,13.640000343322754,13.899999618530273,12.836640357971191,3829149,0.3539067155295448,0.011988984048990445
2019-04-25,13.819999694824219,14.619999885559082,13.819999694824219,14.399999618530273,13.29839038848877,3324219,0.38577053518706755,0.013408615163885612
2019-04-26,14.420000076293945,14.5,13.920000076293945,13.979999542236328,12.91051959991455,2512500,0.39964406293842375,0.013441823205847797
2019-04-29,13.899999618530273,14.119999885559082,13.880000114440918,14.0,12.928991317749023,1846212,0.38824089923697663,0.013296204669819178
2019-04-30,13.960000038146973,14.100000381469727,13.899999618530273,14.039999961853027,12.965929985046387,1880074,0.3747951752157249,0.01330688462349293
2019-05-02,13.84000015258789,13.960000038146973,13.180000305175781,13.420000076293945,12.39336109161377,3392500,0.40945263817726213,0.014831925933353236
2019-05-03,13.319999694824219,13.399999618530273,13.199999809265137,13.239999771118164,12.227130889892578,2777592,0.3959203259523726,0.014739096382748687
2019-05-06,13.119999885559082,13.420000076293945,13.079999923706055,13.380000114440918,12.35642147064209,2976114,0.3919260278549096,0.013971610790942566
2019-05-07,13.279999732971191,13.479999542236328,13.260000228881836,13.399999618530273,12.374890327453613,856689,0.37964554824773694,0.013850815706387572
2019-05-08,13.300000190734863,13.520000457763672,13.199999809265137,13.34000015258789,12.319480895996094,1241500,0.3753851982656511,0.01316578244036602
2019-05-09,13.279999732971191,14.079999923706055,13.279999732971191,13.539999961853027,12.504180908203125,2428430,0.4057148405848805,0.014391772431713407
2019-05-10,13.720000267028809,13.779999732971191,13.380000114440918,13.4399995803833,12.411829948425293,1691000,0.4053066104381228,0.013392947982787997
2019-05-14,13.319999694824219,13.680000305175781,13.260000228881836,13.359999656677246,12.337950706481934,2278938,0.4063561437135387,0.012511275503689986
2019-05-15,13.380000114440918,13.380000114440918,13.119999885559082,13.140000343322754,12.451664924621582,1020500,0.3959021497969885,0.012364326818894284
2019-05-16,13.140000343322754,13.140000343322754,12.800000190734863,12.960000038146973,12.281094551086426,1358000,0.39190914999633863,0.011766374889019684
2019-05-17,13.0,13.0,12.5600004196167,12.600000381469727,11.939952850341797,1361500,0.3953441807382645,0.011171278878512981
2019-05-20,12.779999732971191,12.779999732971191,12.520000457763672,12.5600004196167,11.902048110961914,830301,0.3856766874860685,0.01106386561949034
2019-05-21,12.5,12.5,12.239999771118164,12.300000190734863,11.655668258666992,1702500,0.3809855418441018,0.010608671335381506
2019-05-22,12.34000015258789,12.600000381469727,12.300000190734863,12.539999961853027,11.883095741271973,1467500,0.3752008739077276,0.010264099664023843
2019-05-23,12.699999809265137,12.779999732971191,12.420000076293945,12.5,11.845191955566406,1914230,0.3741150726769789,0.009608506918789905
2019-05-24,12.5,12.5600004196167,12.380000114440918,12.5,11.845191955566406,1317000,0.3602497321411791,0.00991256646286204
2019-05-27,12.600000381469727,12.699999809265137,12.380000114440918,12.5600004196167,11.902048110961914,1858315,0.357374729475682,0.009409883334478831
2019-05-28,12.460000038146973,12.699999809265137,12.359999656677246,12.619999885559082,11.958905220031738,3096000,0.35613368826941116,0.008826394611035402
2019-05-29,12.619999885559082,12.640000343322754,12.460000038146973,12.539999961853027,11.883095741271973,1595324,0.3435527323341519,0.009094577562765677
2019-05-30,12.460000038146973,12.579999923706055,12.260000228881836,12.479999542236328,11.826238632202148,2344196,0.3418703725120138,0.008565133438435136
2019-05-31,12.479999542236328,12.539999961853027,12.300000190734863,12.479999542236328,11.826238632202148,904365,0.3345939009838817,0.008473086159127776
2019-06-03,12.319999694824219,12.779999732971191,12.319999694824219,12.699999809265137,12.034713745117188,1196000,0.34355148220981674,0.00850769294961401
2019-06-04,12.600000381469727,12.640000343322754,12.420000076293945,12.5600004196167,11.902048110961914,2400824,0.3390120715499149,0.008224244214634567
2019-06-05,12.579999923706055,12.859999656677246,12.579999923706055,12.859999656677246,12.186331748962402,989600,0.33622544051496,0.007835843273228877
2019-06-06,12.880000114440918,13.180000305175781,12.819999694824219,12.979999542236328,12.30004596710205,2601500,0.3379236669318602,0.007397442069205401
2019-06-10,12.979999542236328,13.34000015258789,12.960000038146973,13.260000228881836,12.56537914276123,3280500,0.34092912746822146,0.007083729102573676
2019-06-11,13.180000305175781,13.300000190734863,13.020000457763672,13.140000343322754,12.451664924621582,2056500,0.33657702786129073,0.0068886127100277516
2019-06-12,13.140000343322754,13.380000114440918,12.9399995803833,13.34000015258789,12.64118766784668,1795000,0.3439644211610283,0.0069242398950070255
2019-06-13,13.239999771118164,13.34000015258789,13.020000457763672,13.180000305175781,12.489569664001465,2237500,0.34225265499411334,0.006551920343000451
2019-06-14,13.279999732971191,13.319999694824219,13.100000381469727,13.199999809265137,12.508522033691406,1030878,0.3335202734484261,0.006707667571763792
2019-06-17,13.199999809265137,13.4399995803833,13.15999984741211,13.180000305175781,12.489569664001465,956461,0.3296973777000522,0.006501612441521657
2019-06-18,13.140000343322754,13.460000038146973,13.140000343322754,13.319999694824219,12.622235298156738,1462000,0.3290046860660641,0.006086689526697832
2019-06-19,13.300000190734863,13.5600004196167,13.300000190734863,13.4399995803833,12.73594856262207,1555387,0.32407579626719063,0.006003989546138949
2019-06-20,13.380000114440918,13.600000381469727,13.359999656677246,13.479999542236328,12.773853302001953,1380000,0.3180704340189971,0.006004087596285705
2019-06-21,13.5,13.800000190734863,13.479999542236328,13.760000228881836,13.039186477661133,8023891,0.31820830648182125,0.005585072229609879
2019-06-24,13.859999656677246,14.199999809265137,13.819999694824219,14.079999923706055,13.342422485351562,2481000,0.32690768318906976,0.00580752254944121
2019-06-25,14.079999923706055,14.34000015258789,14.039999961853027,14.239999771118164,13.494041442871094,6060024,0.3249857194423407,0.005529982634961769
2019-06-26,14.199999809265137,14.319999694824219,14.0,14.260000228881836,13.512993812561035,2794286,0.3246295748267606,0.00516042277643451
2019-06-27,14.239999771118164,14.399999618530273,14.100000381469727,14.15999984741211,13.418232917785645,2132629,0.32287026498631677,0.00491748613814946
2019-06-28,14.119999885559082,14.199999809265137,14.0,14.079999923706055,13.342422485351562,3913694,0.3140938038633753,0.005193127208491745
2019-07-02,14.399999618530273,14.520000457763672,14.199999809265137,14.460000038146973,13.70251750946045,2089092,0.3230871417343926,0.005464570827243572
2019-07-03,14.5,14.640000343322754,14.399999618530273,14.5,13.740422248840332,1144719,0.3171523976671132,0.005498154630103278
2019-07-04,14.300000190734863,14.399999618530273,14.15999984741211,14.34000015258789,13.5888032913208,1603578,0.3187843801614544,0.005221999477548845
2019-07-05,14.279999732971191,14.479999542236328,14.199999809265137,14.399999618530273,13.645659446716309,1435892,0.31601404821929274,0.00504688036787833
2019-07-08,14.239999771118164,14.380000114440918,14.119999885559082,14.34000015258789,13.5888032913208,783576,0.31344159713014264,0.004870135419397743
2019-07-09,14.399999618530273,14.399999618530273,14.039999961853027,14.300000190734863,13.550898551940918,2762693,0.31676717281207856,0.004759809723864756
2019-07-10,14.300000190734863,14.5,14.300000190734863,14.420000076293945,13.664612770080566,4104550,0.3084266468444398,0.005015575169848611
2019-07-11,14.579999923706055,14.579999923706055,14.319999694824219,14.359999656677246,13.607755661010742,1092500,0.3049676169899681,0.0049043933616074046
2019-07-12,14.399999618530273,14.760000228881836,14.399999618530273,14.640000343322754,13.873088836669922,2390736,0.31175568521958397,0.005038941566465152
2019-07-15,14.600000381469727,14.65999984741211,14.479999542236328,14.539999961853027,13.778326034545898,607397,0.3023445866450266,0.005351238495614594
2019-07-16,14.65999984741211,14.760000228881836,14.460000038146973,14.65999984741211,13.892040252685547,2214917,0.3021771297943006,0.004980968378122551
2019-07-17,14.5600004196167,14.65999984741211,14.460000038146973,14.5600004196167,13.79727840423584,1053000,0.29487874975650324,0.005146497782385039
2019-07-18,14.460000038146973,14.5600004196167,14.279999732971191,14.399999618530273,13.645659446716309,687000,0.29381603096286074,0.004854799283189144
2019-07-19,14.359999656677246,14.399999618530273,14.199999809265137,14.359999656677246,13.607755661010742,620588,0.2871148722701662,0.004986682098153816
2019-07-22,14.479999542236328,14.5,14.260000228881836,14.319999694824219,13.56985092163086,486000,0.283749507902166,0.004870873688857127
2019-07-23,14.380000114440918,14.380000114440918,13.9399995803833,14.239999771118164,13.494041442871094,2013000,0.2949102954846982,0.005320153252691061
2019-07-24,14.300000190734863,14.359999656677246,14.15999984741211,14.260000228881836,13.512993812561035,465000,0.2881309750404438,0.00542437948065987
2019-07-25,14.359999656677246,14.359999656677246,14.260000228881836,14.34000015258789,13.5888032913208,464012,0.2746930073800843,0.0059967786363527035
2019-07-26,14.279999732971191,14.359999656677246,14.279999732971191,14.319999694824219,13.56985092163086,368500,0.260786358546225,0.00656176936474603
2019-07-29,14.300000190734863,14.359999656677246,14.15999984741211,14.199999809265137,13.456137657165527,661691,0.2564444621690044,0.006403207008494213
2019-07-30,14.319999694824219,14.319999694824219,14.039999961853027,14.220000267028809,13.475089073181152,1543064,0.2581269815120178,0.00606601503238844
2019-07-31,14.100000381469727,14.239999771118164,14.020000457763672,14.180000305175781,13.437185287475586,890500,0.2554035766436231,0.005827257163531742
2019-08-01,14.0600004196167,14.100000381469727,13.600000381469727,13.859999656677246,13.133947372436523,3037030,0.27858903000522534,0.007067128320536776
2019-08-02,13.859999656677246,14.220000267028809,13.699999809265137,14.039999961853027,13.304518699645996,2153000,0.29583270341654294,0.007794024398449693
2019-08-05,13.899999618530273,14.479999542236328,13.899999618530273,14.399999618530273,13.645659446716309,2988195,0.3161303620086509,0.008687141126568142
2019-08-06,14.260000228881836,14.5,14.239999771118164,14.460000038146973,13.70251750946045,3701824,0.312121066785307,0.008353009276337841
2019-08-07,14.380000114440918,14.380000114440918,14.15999984741211,14.260000228881836,13.512993812561035,1858668,0.311255289924561,0.007818206960938425
2019-08-08,14.300000190734863,14.460000038146973,14.220000267028809,14.399999618530273,13.645659446716309,1105364,0.30616561000981835,0.00762331217192444
2019-08-09,14.420000076293945,14.520000457763672,14.279999732971191,14.319999694824219,13.56985092163086,1567285,0.3014395467800085,0.0074163658189162545
2019-08-12,14.300000190734863,14.300000190734863,13.899999618530273,13.920000076293945,13.190804481506348,1213500,0.309908156031004,0.0074915260640647735
2019-08-13,13.960000038146973,14.039999961853027,13.859999656677246,13.979999542236328,13.247661590576172,1689000,0.3006290238270596,0.007619212216913321
2019-08-14,14.100000381469727,14.100000381469727,13.9399995803833,14.0,13.266613960266113,2419500,0.29058415077415717,0.007792473705198256
2019-08-15,14.0,14.199999809265137,13.979999542236328,14.15999984741211,13.418232917785645,2304500,0.2855424447923466,0.007595990296384851
2019-08-16,14.079999923706055,14.260000228881836,14.020000457763672,14.100000381469727,13.36137580871582,1351500,0.2822893966727621,0.007285780140899111
2019-08-19,14.140000343322754,14.420000076293945,14.119999885559082,14.34000015258789,13.5888032913208,1311928,0.28498298939786615,0.006957766754056607
2019-08-20,14.300000190734863,14.399999618530273,14.220000267028809,14.260000228881836,13.512993812561035,669000,0.2774841581195518,0.0069964142200750175
2019-08-21,14.460000038146973,14.460000038146973,14.279999732971191,14.319999694824219,13.56985092163086,1065100,0.2719495617728079,0.0068919986576942245
2019-08-22,14.4399995803833,14.4399995803833,13.920000076293945,14.140000343322754,13.399280548095703,1392500,0.2896674147954184,0.0076652739694739605
2019-08-23,14.199999809265137,14.199999809265137,13.819999694824219,14.0600004196167,13.323471069335938,1952500,0.29611975048438266,0.007578635520866124
2019-08-26,14.020000457763672,14.020000457763672,13.600000381469727,13.899999618530273,13.171853065490723,2455636,0.3078254853174248,0.007873428328878699
2019-08-27,13.899999618530273,13.960000038146973,13.760000228881836,13.84000015258789,13.114995956420898,1517856,0.30012365131368995,0.007861171591368425
2019-08-28,13.9399995803833,14.180000305175781,13.819999694824219,13.899999618530273,13.171853065490723,1771500,0.30440057695925227,0.007605154023810845
2019-08-29,13.819999694824219,14.020000457763672,13.819999694824219,14.0,13.266613960266113,1411813,0.29694344738640943,0.007594580848741701
2019-08-30,14.140000343322754,14.260000228881836,14.0,14.0600004196167,13.323471069335938,2561521,0.2943046460646542,0.007240596596814098
2019-09-02,14.0600004196167,14.239999771118164,13.819999694824219,14.140000343322754,13.399280548095703,1978000,0.30328289108103207,0.007364714341068655
2019-09-03,14.0,14.260000228881836,14.0,14.239999771118164,13.494041442871094,1411500,0.3001912723525181,0.007059493225886179
2019-09-04,14.359999656677246,14.520000457763672,14.180000305175781,14.300000190734863,13.550898551940918,11241171,0.3030347637979019,0.0067583502415645815
2019-09-05,14.300000190734863,14.420000076293945,14.039999961853027,14.199999809265137,13.456137657165527,1020984,0.3085322888438316,0.006668291299019234
2019-09-06,14.260000228881836,14.380000114440918,14.199999809265137,14.359999656677246,13.607755661010742,4149929,0.2993514328675423,0.0068477602045385255
2019-09-09,14.359999656677246,14.65999984741211,14.359999656677246,14.600000381469727,13.835184097290039,4655760,0.29939777271520807,0.006361944464761901
2019-09-10,14.579999923706055,14.800000190734863,14.460000038146973,14.5,13.740422248840332,1888000,0.30229794270611393,0.00611467485948647
2019-09-11,14.5600004196167,15.0600004196167,14.539999961853027,14.779999732971191,14.005753517150879,7674567,0.3207052624854415,0.006992720925189407
2019-09-12,14.899999618530273,15.15999984741211,14.819999694824219,14.9399995803833,14.15737247467041,4124528,0.3249406090536898,0.006795765613979329
2019-09-13,14.9399995803833,14.960000038146973,14.800000190734863,14.899999618530273,14.119467735290527,3807632,0.3131591260792912,0.007151888282580707
2019-09-16,14.899999618530273,14.920000076293945,14.539999961853027,14.84000015258789,14.062610626220703,3885992,0.317933482390836,0.006982064570363857
2019-09-17,14.880000114440918,15.0600004196167,14.460000038146973,14.84000015258789,14.062610626220703,7342000,0.3380811180393282,0.007922462504515882
2019-09-18,14.899999618530273,14.9399995803833,14.680000305175781,14.800000190734863,14.024706840515137,1442500,0.33250384355134194,0.007754949074763768
2019-09-19,14.819999694824219,14.899999618530273,14.699999809265137,14.800000190734863,14.024706840515137,558350,0.32303926967375585,0.00787706513210822
2019-09-20,14.880000114440918,14.899999618530273,14.5600004196167,14.760000228881836,13.986802101135254,4634496,0.32425069319088573,0.007400947873895481
2019-09-23,14.640000343322754,14.84000015258789,14.5600004196167,14.600000381469727,13.835184097290039,561500,0.3210899103180504,0.007098078945248327
2019-09-24,14.5600004196167,14.739999771118164,14.5,14.5600004196167,13.79727840423584,651415,0.31529775751805855,0.007004798506301436
2019-09-25,14.5,14.739999771118164,14.119999885559082,14.65999984741211,13.892040252685547,2120622,0.33706219523527453,0.008059058449938188
2019-09-26,14.800000190734863,14.800000190734863,14.319999694824219,14.34000015258789,13.5888032913208,1980500,0.3472720738549438,0.008212688462061838
2019-09-27,14.260000228881836,14.479999542236328,14.260000228881836,14.399999618530273,13.645659446716309,816000,0.33818116239062584,0.008275418676508703
2019-09-30,14.479999542236328,14.5600004196167,14.300000190734863,14.4399995803833,13.683564186096191,592064,0.33259680999714086,0.008083199656292723
2019-10-02,14.460000038146973,14.579999923706055,14.359999656677246,14.5600004196167,13.79727840423584,1153000,0.3245541997851172,0.008080300410273505
2019-10-03,14.5600004196167,14.5600004196167,14.4399995803833,14.520000457763672,13.759374618530273,1417500,0.30994324545999447,0.008546775689905592
2019-10-04,14.600000381469727,14.880000114440918,14.399999618530273,14.680000305175781,13.910992622375488,805157,0.32209019192075516,0.008803930744966671
2019-10-08,14.739999771118164,14.739999771118164,14.479999542236328,14.640000343322754,13.873088836669922,1493000,0.3176551945608324,0.00849186407460639
2019-10-09,14.640000343322754,14.720000267028809,14.380000114440918,14.380000114440918,13.626708030700684,719941,0.3192512629913366,0.007999307242884805
2019-10-10,14.4399995803833,14.9399995803833,14.380000114440918,14.859999656677246,14.081562995910645,3353057,0.3364475632021256,0.008656235312020819
2019-10-11,14.880000114440918,14.960000038146973,14.699999809265137,14.779999732971191,14.005753517150879,1710177,0.33098703932210494,0.008427970209735094
2019-10-14,14.760000228881836,15.039999961853027,14.680000305175781,14.960000038146973,14.176324844360352,1833490,0.3330593691331864,0.007973995895545549
2019-10-15,14.920000076293945,15.319999694824219,14.880000114440918,15.0,14.214228630065918,3890606,0.3406979556510517,0.007950038082854103
2019-10-16,14.9399995803833,15.119999885559082,14.760000228881836,15.020000457763672,14.233181953430176,967031,0.34207664858149417,0.0074806562862532715
2019-10-17,14.859999656677246,15.140000343322754,14.859999656677246,15.020000457763672,14.233181953430176,1189500,0.33764265130035226,0.007263037785888174
2019-10-18,15.140000343322754,15.180000305175781,14.960000038146973,15.039999961853027,14.2521333694458,379807,0.3292396238523848,0.007344465618893836
2019-10-21,15.020000457763672,15.039999961853027,14.920000076293945,15.020000457763672,14.233181953430176,559000,0.314293928260006,0.007887410616999904
2019-10-22,15.039999961853027,15.039999961853027,14.760000228881836,14.960000038146973,14.176324844360352,969500,0.31184434288223356,0.007498994528483657
2019-10-23,14.899999618530273,14.9399995803833,14.760000228881836,14.9399995803833,14.15737247467041,465103,0.3038554476238695,0.007533987437760827
2019-10-24,14.84000015258789,14.9399995803833,14.699999809265137,14.819999694824219,14.043658256530762,2907550,0.29929432787346194,0.007321639745807023
2019-10-25,14.819999694824219,14.819999694824219,13.84000015258789,14.180000305175781,13.437185287475586,9496000,0.347916128899381,0.010271651265815026
2019-10-28,14.180000305175781,14.239999771118164,13.9399995803833,13.9399995803833,13.209756851196289,5055000,0.34449356188762975,0.009782430961953328
2019-10-29,13.84000015258789,14.0600004196167,13.84000015258789,14.0,13.266613960266113,5372120,0.33560118368342823,0.009718855764971055
2019-10-30,14.039999961853027,14.199999809265137,14.0,14.100000381469727,13.36137580871582,4510000,0.3259153712249788,0.009716495528790937
2019-10-31,14.100000381469727,14.199999809265137,13.979999542236328,14.0,13.266613960266113,6107500,0.31835000663953805,0.00956284331855164
2019-11-01,14.319999694824219,14.319999694824219,14.0,14.100000381469727,13.36137580871582,2889000,0.3184678415098724,0.00888819985796469
2019-11-04,14.100000381469727,14.260000228881836,14.020000457763672,14.100000381469727,13.36137580871582,1317581,0.31286297933903606,0.008653675737455522
2019-11-05,14.100000381469727,14.180000305175781,14.020000457763672,14.020000457763672,13.285567283630371,1278163,0.3019441842013984,0.008815469980325674
2019-11-06,14.0,14.0600004196167,13.880000114440918,13.979999542236328,13.247661590576172,3708600,0.29323390712814007,0.008807956201249436
2019-11-07,14.0,14.119999885559082,13.859999656677246,14.0600004196167,13.323471069335938,4475714,0.29086007296768973,0.008348376055478073
2019-11-08,14.0,14.140000343322754,13.960000038146973,14.079999923706055,13.342422485351562,2498729,0.2829415181254106,0.00831767454024958
2019-11-11,13.979999542236328,14.0600004196167,13.84000015258789,13.899999618530273,13.171853065490723,4216500,0.27987425048203585,0.007942645476187091
2019-11-12,13.859999656677246,14.079999923706055,13.640000343322754,13.760000228881836,13.039186477661133,3266000,0.2913117740464119,0.008192279625343446
2019-11-13,13.65999984741211,13.739999771118164,13.380000114440918,13.640000343322754,12.9254732131958,2928356,0.2976466555031623,0.008059608327586803
2019-11-14,13.5,13.619999885559082,13.15999984741211,13.220000267028809,12.527474403381348,3805800,0.3106719298179825,0.008414298755246328
2019-11-15,13.220000267028809,13.5,13.15999984741211,13.15999984741211,12.470617294311523,1624000,0.3127668028729759,0.007962911205228265
2019-11-18,13.479999542236328,13.479999542236328,13.199999809265137,13.220000267028809,12.527474403381348,1365500,0.3132834380123504,0.0074310343433815675
2019-11-19,13.300000190734863,13.359999656677246,13.199999809265137,13.279999732971191,12.584331512451172,1672637,0.3023346101123332,0.0076823053117126856
2019-11-20,13.34000015258789,13.4399995803833,13.239999771118164,13.399999618530273,12.698044776916504,1059500,0.2950249814803906,0.007655685548871967
2019-11-21,13.199999809265137,13.359999656677246,12.300000190734863,13.199999809265137,12.508522033691406,2774905,0.35252315621717767,0.011215863348008762
2019-11-22,13.239999771118164,13.9399995803833,13.180000305175781,13.65999984741211,12.944424629211426,7202500,0.3816285932879164,0.012493690042489472
2019-11-25,14.34000015258789,14.34000015258789,13.479999542236328,13.5,12.792806625366211,1200788,0.4157980230781768,0.014041957167330255
2019-11-26,13.800000190734863,13.920000076293945,13.65999984741211,13.699999809265137,12.982329368591309,1874000,0.416098169736446,0.013060399273825891
2019-11-27,13.819999694824219,13.84000015258789,13.5600004196167,13.720000267028809,13.001282691955566,674000,0.40637685282464203,0.012821893390824323
2019-11-28,13.699999809265137,13.720000267028809,13.520000457763672,13.5600004196167,12.849663734436035,1171500,0.3916356354275345,0.012958987962701696
2019-11-29,13.579999923706055,13.800000190734863,13.539999961853027,13.779999732971191,13.058137893676758,956500,0.382233106388556,0.012704955182435753
2019-12-02,13.699999809265137,13.859999656677246,13.640000343322754,13.760000228881836,13.039186477661133,572510,0.3706449783146943,0.012625181817537608
2019-12-03,13.760000228881836,14.220000267028809,13.720000267028809,14.220000267028809,13.475089073181152,2275687,0.37988462272078755,0.012383357716720155
2019-12-04,14.039999961853027,14.140000343322754,13.859999656677246,13.899999618530273,13.171853065490723,900500,0.37846433612298575,0.011600281208225986
2019-12-05,13.979999542236328,14.0600004196167,13.920000076293945,14.039999961853027,13.304518699645996,2019000,0.3628597979060886,0.011886299565988214
2019-12-06,14.039999961853027,14.140000343322754,13.960000038146973,14.020000457763672,13.285567283630371,890607,0.34979840556820946,0.01197023476398042
2019-12-09,14.039999961853027,14.199999809265137,13.979999542236328,14.100000381469727,13.36137580871582,1112926,0.34052710995825225,0.011777453395835904
2019-12-10,14.0600004196167,14.0600004196167,13.539999961853027,13.579999923706055,12.868616104125977,5960268,0.3562037749338556,0.012055968508676435
2019-12-11,13.720000267028809,13.720000267028809,13.399999618530273,13.460000038146973,12.754901885986328,3362822,0.3536178373313327,0.011379537729665467
2019-12-12,13.420000076293945,13.680000305175781,13.380000114440918,13.5,12.792806625366211,2289500,0.34978800543158484,0.010840273027528493
2019-12-13,13.520000457763672,13.600000381469727,13.399999618530273,13.5,12.792806625366211,1573529,0.33908891668214686,0.010830188436236314
2019-12-16,13.579999923706055,13.800000190734863,13.5,13.600000381469727,12.887567520141602,1591575,0.33629686482876947,0.01025603582317496
2019-12-17,13.380000114440918,13.579999923706055,13.239999771118164,13.399999618530273,13.043309211730957,2004738,0.33798998950896897,0.009644399312962428
2019-12-18,13.300000190734863,13.359999656677246,13.100000381469727,13.220000267028809,12.868101119995117,2932258,0.33527636433408164,0.009149344017385635
2019-12-19,13.220000267028809,13.300000190734863,13.100000381469727,13.15999984741211,12.809697151184082,2224567,0.3256137532577284,0.009186005950169036
2019-12-20,13.199999809265137,13.220000267028809,13.0,13.020000457763672,12.67342472076416,1428668,0.31806993281280554,0.009068706985508592
2019-12-23,12.979999542236328,13.0,12.739999771118164,12.899999618530273,12.556617736816406,1733458,0.31535070094371287,0.00861517304862174
2019-12-24,13.020000457763672,13.079999923706055,12.880000114440918,13.0600004196167,12.712360382080078,765500,0.30711135153810026,0.008588328502692517
2019-12-27,12.979999542236328,13.15999984741211,12.899999618530273,12.960000038146973,12.615021705627441,1106562,0.30374627134836707,0.008215239337481136
2019-12-30,12.9399995803833,13.319999694824219,12.9399995803833,13.100000381469727,12.75129508972168,844000,0.3091929744264065,0.008017486747521013
2019-12-31,13.100000381469727,13.199999809265137,13.020000457763672,13.0600004196167,12.712360382080078,1066573,0.2999648585031963,0.008103960260070238
2020-01-02,13.180000305175781,13.180000305175781,13.020000457763672,13.100000381469727,12.75129508972168,836000,0.2899673577109758,0.008239213155223829
2020-01-03,13.100000381469727,13.279999732971191,13.020000457763672,13.079999923706055,12.731826782226562,635818,0.2878267803893004,0.007803596309970373
2020-01-06,13.079999923706055,13.180000305175781,13.039999961853027,13.140000343322754,12.790230751037598,863000,0.27726774917026137,0.00800041308918956
2020-01-07,13.020000457763672,13.399999618530273,13.020000457763672,13.300000190734863,12.945971488952637,925141,0.2846057071414285,0.007953094866473673
2020-01-08,13.199999809265137,13.380000114440918,13.079999923706055,13.239999771118164,12.887567520141602,1233320,0.28570531311238817,0.007463559945365529
2020-01-09,13.399999618530273,13.460000038146973,13.319999694824219,13.380000114440918,13.023841857910156,1225246,0.2810120955349896,0.007265678347653601
2020-01-10,13.399999618530273,13.479999542236328,13.15999984741211,13.359999656677246,13.004373550415039,1116856,0.2837969240556489,0.006945617645725433
2020-01-13,13.359999656677246,13.399999618530273,13.220000267028809,13.260000228881836,12.907035827636719,1661000,0.27638281173035,0.00697908155140925
2020-01-14,13.380000114440918,13.380000114440918,13.220000267028809,13.300000190734863,12.945971488952637,1468200,0.2680697428504757,0.007074366360585326
2020-01-15,13.220000267028809,13.399999618530273,13.020000457763672,13.239999771118164,12.887567520141602,801500,0.2760647012730561,0.007140122936442118
2020-01-16,13.239999771118164,13.300000190734863,13.0600004196167,13.15999984741211,12.809697151184082,2101457,0.27348863483342095,0.006814118900955906
2020-01-17,13.079999923706055,13.399999618530273,13.079999923706055,13.399999618530273,13.043309211730957,1502031,0.27681085340419226,0.006564697448799864
2020-01-20,13.399999618530273,13.520000457763672,13.300000190734863,13.319999694824219,12.965437889099121,774500,0.2727529543773791,0.006385640418657955
2020-01-21,13.199999809265137,13.5600004196167,13.199999809265137,13.5600004196167,13.199050903320312,1299500,0.2789849298041065,0.0063746643478057715
2020-01-22,13.699999809265137,13.880000114440918,13.579999923706055,13.619999885559082,13.257452964782715,2916005,0.2819145558769717,0.0061285901853100145
2020-01-23,13.5,13.84000015258789,13.5,13.779999732971191,13.413193702697754,1099372,0.2860635270706088,0.00598718882876195
2020-01-24,13.760000228881836,13.760000228881836,13.579999923706055,13.699999809265137,13.335323333740234,521089,0.2799161186559322,0.00599863308489871
2020-01-29,13.5,13.65999984741211,13.220000267028809,13.399999618530273,13.043309211730957,1233943,0.2942077917688176,0.006590993086897761
2020-01-30,13.5,13.65999984741211,13.399999618530273,13.539999961853027,13.179582595825195,1955481,0.2917643944197475,0.006294736248481501
2020-01-31,13.520000457763672,13.5600004196167,13.399999618530273,13.5,13.140646934509277,1492116,0.28235270918165306,0.006517375462025283
2020-02-03,13.460000038146973,13.65999984741211,13.220000267028809,13.600000381469727,13.237985610961914,3360185,0.29361319998177077,0.00685616941474617
2020-02-04,13.5600004196167,13.779999732971191,13.5600004196167,13.779999732971191,13.413193702697754,1651532,0.28835506522267945,0.006742024082199395
2020-02-05,13.800000190734863,13.800000190734863,13.699999809265137,13.739999771118164,13.374258995056152,1098089,0.2749011592403257,0.007221444217924706
2020-02-06,13.739999771118164,13.899999618530273,13.720000267028809,13.84000015258789,13.471596717834473,1525402,0.26812245868754997,0.0071898196704140655
2020-02-07,13.800000190734863,13.880000114440918,13.760000228881836,13.859999656677246,13.491064071655273,1985684,0.2575422748926594,0.007431988536448101
2020-02-10,14.0,14.180000305175781,13.579999923706055,14.0600004196167,13.685741424560547,1845838,0.28200356821959277,0.00864836745005419
2020-02-11,14.0600004196167,14.0600004196167,13.65999984741211,13.920000076293945,13.549467086791992,1072153,0.2904319256470926,0.008632652448443164
2020-02-12,13.920000076293945,14.0,13.680000305175781,14.0,13.627338409423828,1442022,0.29254390915974443,0.008166890381600928
2020-02-13,14.0,14.0,13.800000190734863,13.9399995803833,13.568934440612793,668594,0.2859336163101296,0.008055704843601921
2020-02-14,13.899999618530273,14.239999771118164,13.899999618530273,14.15999984741211,13.783079147338867,1500335,0.2897955117585411,0.007756147029659751
2020-02-17,14.199999809265137,14.260000228881836,14.119999885559082,14.199999809265137,13.822013854980469,1105000,0.2790958568702706,0.007966397590989091
2020-02-18,14.199999809265137,14.319999694824219,14.039999961853027,14.180000305175781,13.802546501159668,1085400,0.2791604194489078,0.007401980804392526
2020-02-19,14.199999809265137,14.279999732971191,14.039999961853027,14.260000228881836,13.880416870117188,1695665,0.2763632302824261,0.007073067115970324
2020-02-20,14.199999809265137,14.359999656677246,14.0600004196167,14.300000190734863,13.919352531433105,1638855,0.2780515164808633,0.006688439907575101
2020-02-21,14.34000015258789,14.399999618530273,14.279999732971191,14.359999656677246,13.977754592895508,1556577,0.2667621142721646,0.0070170800719410705
2020-02-24,14.399999618530273,14.5,14.34000015258789,14.399999618530273,14.016690254211426,2516517,0.25913623806787495,0.007060565509965971
2020-02-25,14.4399995803833,14.479999542236328,14.260000228881836,14.380000114440918,13.997222900390625,3211814,0.25634074344549046,0.006755917589424436
2020-02-26,14.359999656677246,14.359999656677246,13.9399995803833,14.15999984741211,13.783079147338867,2279007,0.2694592999177852,0.007210391795343745
2020-02-27,14.199999809265137,14.34000015258789,14.0,14.300000190734863,13.919352531433105,1852573,0.2744979322513642,0.007055266119503405
2020-02-28,14.260000228881836,14.300000190734863,13.960000038146973,13.960000038146973,13.58840274810791,1237115,0.27917666227540183,0.006885513541255849
2020-03-02,13.880000114440918,14.100000381469727,13.640000343322754,13.960000038146973,13.58840274810791,1356237,0.2920926176947997,0.007316259389694566
2020-03-03,14.079999923706055,14.239999771118164,14.0600004196167,14.140000343322754,13.763611793518066,1706656,0.29122884021454204,0.0068553678247347885
2020-03-04,14.199999809265137,14.199999809265137,14.079999923706055,14.100000381469727,13.724676132202148,1249500,0.2789982005962949,0.007239315809985672
2020-03-05,14.239999771118164,14.359999656677246,14.039999961853027,14.359999656677246,13.977754592895508,2612000,0.28192687875543226,0.006931413120639366
2020-03-06,14.34000015258789,14.399999618530273,14.220000267028809,14.279999732971191,13.899884223937988,1249034,0.2746463410944346,0.006956350587807816
2020-03-09,14.260000228881836,14.260000228881836,14.260000228881836,14.260000228881836,13.880416870117188,0,0.2564572813083575,0.007758686959112765
2020-03-10,14.079999923706055,14.079999923706055,14.079999923706055,14.079999923706055,13.705208778381348,0,0.25099606872745917,0.007594581646383161
2020-03-11,13.920000076293945,14.0,13.819999694824219,13.899999618530273,13.529999732971191,1500093,0.25163922302420033,0.007098051121408732
2020-03-12,13.800000190734863,13.899999618530273,13.0600004196167,13.199999809265137,12.8486328125,4757500,0.293664935587727,0.009592884081560013
2020-03-13,11.880000114440918,12.979999542236328,11.5,12.960000038146973,12.615021705627441,5436313,0.39411742656468485,0.016082856002659858
2020-03-16,12.800000190734863,12.800000190734863,12.4399995803833,12.5,12.167265892028809,2713962,0.4031090716503268,0.015576340937158577
2020-03-17,12.479999542236328,12.479999542236328,12.479999542236328,12.479999542236328,12.147797584533691,0,0.37574417065842286,0.01641838094106896
2020-03-18,12.279999732971191,12.279999732971191,11.819999694824219,11.960000038146973,11.641639709472656,3457423,0.3960481475694005,0.01669592351034815
2020-03-19,11.9399995803833,11.9399995803833,10.420000076293945,10.739999771118164,10.45411491394043,7681399,0.47775899144680245,0.021339846393709137
2020-03-20,11.0,11.359999656677246,10.84000015258789,11.260000228881836,10.960273742675781,3108603,0.4879190553119653,0.020541290498812974
2020-03-23,11.15999984741211,11.15999984741211,10.5600004196167,10.720000267028809,10.434647560119629,3570470,0.5030676805943347,0.02015610012620986
2020-03-24,10.800000190734863,11.199999809265137,10.800000190734863,10.920000076293945,10.629323959350586,2142969,0.5014199564259056,0.018834073272082662
2020-03-25,11.600000381469727,11.859999656677246,11.220000267028809,11.699999809265137,11.388561248779297,2463763,0.5327470724228625,0.01972643346671653
2020-03-26,12.0,12.239999771118164,11.539999961853027,12.0600004196167,11.738978385925293,2553779,0.5446936964830249,0.019170732794819813
2020-03-27,12.15999984741211,12.760000228881836,12.15999984741211,12.600000381469727,12.264604568481445,2193740,0.5557869902531757,0.018593772864486307
2020-03-30,12.420000076293945,12.5600004196167,12.039999961853027,12.380000114440918,12.050460815429688,1137860,0.5560879494934273,0.017287143319898116
2020-03-31,12.5600004196167,12.5600004196167,12.140000343322754,12.239999771118164,11.914186477661133,1416620,0.5463673871220357,0.016746673252147654
2020-04-01,12.279999732971191,12.380000114440918,12.100000381469727,12.239999771118164,11.914186477661133,1361000,0.527341126111261,0.016909500949192437
2020-04-02,12.239999771118164,12.479999542236328,12.199999809265137,12.279999732971191,11.95312213897705,574113,0.5096738837441132,0.016963625336189257
2020-04-03,12.619999885559082,12.699999809265137,12.420000076293945,12.619999885559082,12.284071922302246,1093500,0.5032686117833869,0.016209457237941902
2020-04-06,12.979999542236328,13.239999771118164,12.859999656677246,13.199999809265137,12.8486328125,4137205,0.5116065599102223,0.015647206587148584
2020-04-07,13.199999809265137,13.199999809265137,12.84000015258789,12.960000038146973,12.615021705627441,2540877,0.5007774953935812,0.015303053582112336
2020-04-08,12.920000076293945,13.020000457763672,12.65999984741211,13.0,12.653956413269043,1419199,0.49072200360486556,0.014928227739726857
2020-04-09,13.180000305175781,13.279999732971191,12.979999542236328,13.0,12.653956413269043,2112356,0.477099016971294,0.014834996232144336
2020-04-14,13.100000381469727,13.199999809265137,12.9399995803833,13.100000381469727,12.75129508972168,1943500,0.46159196067918984,0.014883000522141464
2020-04-15,13.15999984741211,13.15999984741211,13.020000457763672,13.039999961853027,12.692892074584961,2022289,0.43862106274842183,0.015460707479900502
2020-04-16,13.0600004196167,13.0600004196167,12.880000114440918,13.0,12.653956413269043,1362963,0.4201481514932332,0.015675864892421083
2020-04-17,13.0,13.680000305175781,13.0,13.319999694824219,12.965437889099121,3046000,0.4387090196134152,0.01588193655154686
2020-04-20,13.399999618530273,13.520000457763672,13.260000228881836,13.300000190734863,12.945971488952637,2392500,0.425944105989731,0.01565929205669953
2020-04-21,13.300000190734863,13.300000190734863,12.739999771118164,12.760000228881836,12.420345306396484,5576639,0.4355195569630858,0.015224731979317766
2020-04-22,12.760000228881836,13.15999984741211,12.279999732971191,13.079999923706055,12.731826782226562,3448500,0.46726816821150235,0.01640500906996768
2020-04-23,13.520000457763672,13.5600004196167,12.84000015258789,12.859999656677246,12.517683029174805,11032622,0.4853204609841671,0.016522672191588896
2020-04-24,12.920000076293945,12.9399995803833,12.579999923706055,12.619999885559082,12.284071922302246,5499942,0.4763689749622442,0.015981873179469898
2020-04-27,12.899999618530273,12.979999542236328,12.720000267028809,12.880000114440918,12.537151336669922,8216000,0.46805688079903,0.015434031821165916
2020-04-28,12.979999542236328,13.359999656677246,12.819999694824219,13.359999656677246,13.004373550415039,7366500,0.473195672302887,0.014698657512786706
2020-04-29,13.359999656677246,13.420000076293945,13.239999771118164,13.34000015258789,12.984906196594238,2068500,0.45225314607952233,0.015144648134970847
2020-05-04,13.359999656677246,13.380000114440918,13.0600004196167,13.100000381469727,12.75129508972168,3419581,0.4428064709898578,0.014737650060306109
2020-05-05,13.100000381469727,13.359999656677246,13.0,13.220000267028809,12.868101119995117,2086828,0.436891698538957,0.01410744451677716
2020-05-06,13.220000267028809,13.720000267028809,13.199999809265137,13.640000343322754,13.276921272277832,3733312,0.4428280384835795,0.013523794190194683
2020-05-07,13.640000343322754,13.979999542236328,13.5,13.800000190734863,13.432662010192871,4655212,0.4454831458944901,0.012747459420245823
2020-05-08,13.960000038146973,13.960000038146973,13.739999771118164,13.880000114440918,13.51053237915039,1922861,0.4293772259755129,0.012987349455869492
2020-05-11,13.880000114440918,14.0600004196167,13.800000190734863,13.899999618530273,13.529999732971191,2726296,0.4172788690402503,0.012923849990111858
2020-05-12,13.600000381469727,13.600000381469727,13.239999771118164,13.300000190734863,13.300000190734863,2116500,0.4346160817810974,0.013239090186592946
2020-05-13,13.34000015258789,13.4399995803833,13.180000305175781,13.319999694824219,13.319999694824219,1574135,0.4221434527401276,0.01318434296190558
2020-05-14,13.319999694824219,13.319999694824219,13.0,13.260000228881836,13.260000228881836,2198255,0.4148474700318484,0.012763745800932267
2020-05-15,13.300000190734863,13.359999656677246,13.15999984741211,13.319999694824219,13.319999694824219,1824124,0.39950120854851184,0.012948211206818288
2020-05-18,13.300000190734863,13.460000038146973,13.199999809265137,13.279999732971191,13.279999732971191,3634602,0.38953685285803497,0.012735078669936757
2020-05-19,13.359999656677246,13.399999618530273,13.239999771118164,13.319999694824219,13.319999694824219,3046608,0.37314135246904023,0.012996537364155184
2020-05-20,13.34000015258789,13.420000076293945,13.279999732971191,13.34000015258789,13.34000015258789,1830418,0.3564884232443055,0.013257708211339437
2020-05-21,13.300000190734863,13.779999732971191,13.300000190734863,13.399999618530273,13.399999618530273,3597374,0.36531064602945,0.012940887823754086
2020-05-22,13.260000228881836,13.359999656677246,12.960000038146973,13.0600004196167,13.0600004196167,5104580,0.3706455699118679,0.012397604685087216
2020-05-25,12.979999542236328,13.119999885559082,12.960000038146973,13.100000381469727,13.100000381469727,1397697,0.3555994468761709,0.012586784567273631
2020-05-26,13.100000381469727,13.680000305175781,13.079999923706055,13.600000381469727,13.600000381469727,2950715,0.3730566564899963,0.012934672070598757
2020-05-27,13.5,13.739999771118164,13.4399995803833,13.739999771118164,13.739999771118164,3323049,0.3678383375074868,0.012383503992878098
2020-05-28,13.720000267028809,13.720000267028809,13.020000457763672,13.279999732971191,13.279999732971191,4186000,0.39299269292513006,0.013295707666075612
2020-05-29,13.0,13.380000114440918,13.0,13.279999732971191,13.279999732971191,2583000,0.3920646516048292,0.012412302927091704
2020-06-01,13.399999618530273,13.680000305175781,13.359999656677246,13.539999961853027,13.539999961853027,2828092,0.3926315030762407,0.011566199251685975
2020-06-02,13.600000381469727,13.779999732971191,13.479999542236328,13.779999732971191,13.779999732971191,1619167,0.3860149807661423,0.01121265089871543
2020-06-03,13.899999618530273,13.899999618530273,13.619999885559082,13.779999732971191,13.779999732971191,1996081,0.378442463066503,0.01095264138449571
2020-06-04,13.880000114440918,13.880000114440918,13.600000381469727,13.699999809265137,13.699999809265137,1347324,0.3714108394882664,0.010672568684048629
2020-06-05,13.539999961853027,13.9399995803833,13.520000457763672,13.880000114440918,13.880000114440918,4448859,0.3748814311405066,0.010158141753205169
2020-06-08,13.720000267028809,13.779999732971191,13.380000114440918,13.600000381469727,13.600000381469727,2673500,0.38381847177332756,0.0100709202446063
2020-06-09,13.699999809265137,13.699999809265137,13.4399995803833,13.640000343322754,13.640000343322754,1767725,0.37497431156679245,0.009983294527601215
2020-06-10,13.640000343322754,13.779999732971191,13.180000305175781,13.279999732971191,13.279999732971191,2314500,0.39104753415455085,0.010418289389041014
2020-06-11,13.260000228881836,13.479999542236328,13.140000343322754,13.180000305175781,13.180000305175781,994500,0.38740122449448106,0.009934576551257356
2020-06-12,13.079999923706055,13.300000190734863,13.0,13.279999732971191,13.279999732971191,1459000,0.3811582935116512,0.009670887582083964
2020-06-15,13.220000267028809,13.34000015258789,13.15999984741211,13.199999809265137,13.199999809265137,1094127,0.36678986577337475,0.010006426164669142
2020-06-16,13.359999656677246,13.359999656677246,13.220000267028809,13.239999771118164,13.239999771118164,711285,0.3520191501761415,0.010346732552709435
2020-06-17,13.239999771118164,13.359999656677246,13.220000267028809,13.279999732971191,13.279999732971191,1039000,0.3368748815670198,0.010689413699596027
2020-06-18,13.279999732971191,13.420000076293945,13.239999771118164,13.380000114440918,13.380000114440918,1524000,0.3256695546819313,0.010726264641416915
2020-06-19,13.279999732971191,13.420000076293945,13.199999809265137,13.380000114440918,13.380000114440918,1611392,0.318121748420994,0.010499231899954086
2020-06-22,13.300000190734863,13.300000190734863,13.100000381469727,13.260000228881836,13.260000228881836,1611400,0.3153987473174367,0.009943786843068599
2020-06-23,13.399999618530273,13.399999618530273,13.180000305175781,13.359999656677246,13.359999656677246,2518500,0.30858450203436927,0.009720248160211374
2020-06-24,13.34000015258789,13.739999771118164,13.260000228881836,13.600000381469727,13.600000381469727,2408296,0.3208284334773663,0.00990051125183892
2020-06-26,13.600000381469727,13.84000015258789,13.300000190734863,13.359999656677246,13.359999656677246,1421000,0.3364835426470564,0.010311553960256861
2020-06-29,13.359999656677246,13.399999618530273,13.34000015258789,13.399999618530273,13.399999618530273,2194379,0.316734680025294,0.010985647436078685
2020-06-30,13.34000015258789,13.800000190734863,13.34000015258789,13.5600004196167,13.5600004196167,1747912,0.3269679198911282,0.010931904038204081
2020-07-02,13.34000015258789,13.680000305175781,13.279999732971191,13.600000381469727,13.600000381469727,2604608,0.3321845379135184,0.0105236693227888
2020-07-03,13.720000267028809,13.720000267028809,13.539999961853027,13.640000343322754,13.640000343322754,528500,0.3213142355751086,0.010548428823904585
2020-07-06,13.640000343322754,13.699999809265137,13.4399995803833,13.520000457763672,13.520000457763672,2060123,0.31693466366844625,0.010107796186958711
2020-07-07,13.619999885559082,13.720000267028809,13.5,13.720000267028809,13.720000267028809,1301636,0.31001077819418643,0.009880373993194505
2020-07-08,13.5600004196167,13.699999809265137,13.5600004196167,13.65999984741211,13.65999984741211,1036294,0.29929571170975233,0.009939994885425905
2020-07-09,13.699999809265137,13.739999771118164,13.5600004196167,13.65999984741211,13.65999984741211,2545500,0.2907745431234461,0.009838650149774501
2020-07-10,13.65999984741211,13.699999809265137,13.359999656677246,13.399999618530273,13.399999618530273,1760000,0.2942906580851921,0.009387040493486752
2020-07-13,13.399999618530273,13.5600004196167,13.220000267028809,13.300000190734863,13.300000190734863,863018,0.297555621978242,0.00894974930774126
2020-07-14,13.300000190734863,13.4399995803833,13.260000228881836,13.300000190734863,13.300000190734863,1267820,0.28915874551561505,0.008910258390233093
2020-07-15,13.34000015258789,13.5,13.34000015258789,13.460000038146973,13.460000038146973,1064000,0.2827902500691523,0.008728703894249496
2020-07-16,13.4399995803833,13.520000457763672,13.399999618530273,13.460000038146973,13.460000038146973,907500,0.2711624350094556,0.008935783263210012
2020-07-17,13.380000114440918,13.640000343322754,13.4399995803833,13.520000457763672,13.520000457763672,2878376,0.2660794584330268,0.00866058278558278
2020-07-20,13.539999961853027,13.739999771118164,13.4399995803833,13.520000457763672,13.520000457763672,1926297,0.268502367883158,0.00821503469019338
2020-07-21,13.65999984741211,14.100000381469727,13.600000381469727,14.0600004196167,14.0600004196167,2020979,0.2907521932990792,0.00921751974203108
2020-07-22,14.079999923706055,14.260000228881836,13.880000114440918,13.880000114440918,13.880000114440918,798425,0.29712704480921054,0.009014472011181099
2020-07-23,14.0600004196167,14.079999923706055,13.920000076293945,14.0,14.0,400000,0.290189385127491,0.008866128273362417
2020-07-24,14.100000381469727,14.100000381469727,13.880000114440918,14.079999923706055,14.079999923706055,1014449,0.2851758766918708,0.008590941142095116
2020-07-27,14.199999809265137,14.199999809265137,14.0,14.140000343322754,14.140000343322754,1977843,0.27909187187567547,0.008411874261673702
2020-07-28,14.199999809265137,14.220000267028809,14.039999961853027,14.100000381469727,14.100000381469727,888663,0.27201390282568305,0.008316595317982182
2020-07-29,14.0600004196167,14.119999885559082,13.920000076293945,14.039999961853027,14.039999961853027,1229405,0.2668700389999297,0.008089971639965835
2020-07-30,14.039999961853027,14.739999771118164,14.020000457763672,14.65999984741211,14.65999984741211,2799514,0.29923641573954135,0.00982400057565482
2020-07-31,14.699999809265137,14.699999809265137,14.319999694824219,14.319999694824219,14.319999694824219,710376,0.30500525136106826,0.009534345936074256
2020-08-03,14.420000076293945,14.420000076293945,14.180000305175781,14.319999694824219,14.319999694824219,1405799,0.30036200277228936,0.009184981839838874
2020-08-04,14.579999923706055,14.600000381469727,14.319999694824219,14.460000038146973,14.460000038146973,1915100,0.29890762304894786,0.008632795974374776
2020-08-05,14.5,14.9399995803833,14.460000038146973,14.84000015258789,14.84000015258789,804241,0.3118427601337608,0.008940106053691787
2020-08-06,14.920000076293945,15.34000015258789,14.859999656677246,15.300000190734863,15.300000190734863,1503383,0.3252825629813493,0.009261512967541552
2020-08-07,15.380000114440918,15.460000038146973,15.0,15.140000343322754,15.140000343322754,1282933,0.3349052397788938,0.009287310383970336
2020-08-10,15.600000381469727,15.600000381469727,15.119999885559082,15.300000190734863,15.300000190734863,1301602,0.3452691866454474,0.009364212989869142
2020-08-11,15.380000114440918,15.380000114440918,15.180000305175781,15.279999732971191,15.279999732971191,2001500,0.33489280254685383,0.009436510926206603
2020-08-12,15.319999694824219,15.319999694824219,15.180000305175781,15.220000267028809,15.220000267028809,2293512,0.32097184448268123,0.00975682857891846
2020-08-13,15.319999694824219,15.319999694824219,15.079999923706055,15.199999809265137,15.199999809265137,2836378,0.3151881249566443,0.009473035075141209
