Date,Open,High,Low,Close,Adj Close,Volume,ATR,ATR_2
2018-12-31,12.3100004196167,12.539999961853027,12.25,12.529999732971191,11.629215240478516,6082900,0.0,0.0
2019-01-02,12.319999694824219,12.960000038146973,12.109999656677246,12.670000076293945,11.759151458740234,5905400,0.0,0.0
2019-01-03,12.600000381469727,12.859999656677246,12.350000381469727,12.520000457763672,11.619935035705566,4764200,0.0,0.0
2019-01-04,12.699999809265137,13.039999961853027,12.609999656677246,12.899999618530273,11.972617149353027,4062000,0.0,0.0
2019-01-07,12.949999809265137,13.5,12.859999656677246,13.3100004196167,12.353141784667969,7133800,0.0,0.0
2019-01-08,13.420000076293945,13.779999732971191,13.260000228881836,13.75,12.76150894165039,6165700,0.0,0.0
2019-01-09,13.850000381469727,13.960000038146973,13.640000343322754,13.819999694824219,12.826476097106934,6560000,0.0,0.0
2019-01-10,13.479999542236328,13.949999809265137,13.350000381469727,13.619999885559082,12.640854835510254,4952400,0.0,0.0
2019-01-11,13.5,13.819999694824219,13.420000076293945,13.699999809265137,12.715103149414062,5345600,0.0,0.0
2019-01-14,13.649999618530273,14.09000015258789,13.5600004196167,13.8100004196167,12.8171968460083,5852500,0.0,0.0
2019-01-15,13.779999732971191,13.960000038146973,13.670000076293945,13.779999732971191,12.789353370666504,4801800,0.0,0.0
2019-01-16,13.760000228881836,13.960000038146973,13.6899995803833,13.8100004196167,12.8171968460083,5186900,0.0,0.0
2019-01-17,13.800000190734863,14.539999961853027,13.800000190734863,14.319999694824219,13.290532112121582,5241300,0.0,0.0
2019-01-18,14.59000015258789,14.899999618530273,14.4399995803833,14.84000015258789,13.773148536682129,4935900,0.5042855398995536,0.03602039570711097
2019-01-22,14.84000015258789,14.880000114440918,14.430000305175781,14.579999923706055,13.531840324401855,8084700,0.500407987711381,0.03372447831290109
2019-01-23,14.710000038146973,14.859999656677246,14.479999542236328,14.800000190734863,13.7360258102417,9176900,0.49180742533491933,0.0319299128888697
2019-01-24,14.760000228881836,14.800000190734863,14.4399995803833,14.710000038146973,13.652496337890625,7189900,0.48239265283610816,0.030321688575294086
2019-01-25,14.930000305175781,15.25,14.8100004196167,15.199999809265137,14.107269287109375,5181600,0.48650746062303096,0.02844976851898185
2019-01-28,15.140000343322754,15.449999809265137,15.130000114440918,15.359999656677246,14.255765914916992,4128300,0.4746140487802587,0.02726717161353831
2019-01-29,15.3100004196167,15.399999618530273,15.050000190734863,15.229999542236328,14.135110855102539,4303900,0.46571300442419805,0.025955305380861333
2019-01-30,15.300000190734863,15.319999694824219,14.84000015258789,14.949999809265137,13.875243186950684,5407800,0.4667334714107788,0.02417424549555558
2019-01-31,14.9399995803833,15.0,14.720000267028809,14.989999771118164,13.91236686706543,8454100,0.4533953472365226,0.023400236829748483
2019-02-01,15.029999732971191,15.210000038146973,14.770000457763672,15.1899995803833,14.097987174987793,7738800,0.45243850674700675,0.021797137091160435
2019-02-04,15.1899995803833,15.420000076293945,15.119999885559082,15.369999885559082,14.265047073364258,4346600,0.44155005560328225,0.021017945237772152
2019-02-05,15.5,15.770000457763672,15.4399995803833,15.600000381469727,14.47851276397705,5987400,0.4385822353605185,0.01972865059527155
2019-02-06,15.579999923706055,15.699999809265137,15.329999923706055,15.569999694824219,14.450668334960938,6784100,0.4336834960889873,0.018669371215004383
2019-02-07,16.670000076293945,18.719999313354492,16.360000610351562,18.709999084472656,17.364933013916016,29578000,0.6277060762633649,0.031194600426388188
2019-02-08,18.6299991607666,18.93000030517578,17.639999389648438,17.84000015258789,16.557477951049805,12135300,0.6750128504965064,0.03234546998401342
2019-02-11,17.84000015258789,18.559999465942383,17.790000915527344,18.389999389648438,17.06793975830078,7503200,0.6817975433478302,0.030519700188821303
2019-02-12,18.469999313354492,18.889999389648438,18.25,18.600000381469727,17.262840270996094,7281500,0.6788119609407307,0.028552977490126887
2019-02-13,18.68000030517578,18.889999389648438,18.520000457763672,18.81999969482422,17.467025756835938,5437900,0.6567538874367332,0.02808905577683193
2019-02-14,18.6299991607666,18.850000381469727,18.420000076293945,18.709999084472656,17.364933013916016,4556800,0.6405572029895223,0.027239600681859
2019-02-15,18.700000762939453,18.84000015258789,18.540000915527344,18.770000457763672,17.561412811279297,4532200,0.6162316339945956,0.027031455561363837
2019-02-19,18.75,18.93000030517578,18.530000686645508,18.790000915527344,17.58012580871582,4437900,0.6007864900328582,0.026203861875676228
2019-02-20,18.889999389648438,19.059999465942383,18.68000030517578,18.959999084472656,17.739179611206055,4634200,0.5850159665138399,0.025458623421629235
2019-02-21,19.0,19.3799991607666,18.93000030517578,19.139999389648438,17.907588958740234,4042100,0.5753718871621957,0.02432901313091602
2019-02-22,19.1200008392334,19.360000610351562,18.989999771118164,19.1299991607666,17.898229598999023,4913300,0.560702526595853,0.02363903794773221
2019-02-25,19.34000015258789,19.3700008392334,19.0,19.040000915527344,17.814029693603516,5179300,0.5470809774985348,0.022923503029845492
2019-02-26,19.049999237060547,19.170000076293945,18.670000076293945,18.690000534057617,17.486562728881836,6032600,0.5437180505343537,0.021526319025155175
2019-02-27,18.6299991607666,19.030000686645508,18.56999969482422,18.780000686645508,17.570770263671875,4753900,0.5377382606262777,0.02041585265964952
2019-02-28,18.799999237060547,18.799999237060547,18.450000762939453,18.59000015258789,17.393003463745117,4529100,0.5243282758759075,0.019915433523272432
2019-03-01,18.809999465942383,19.1200008392334,18.510000228881836,18.520000457763672,17.3275089263916,5976900,0.5304477283384542,0.01893000630464917
2019-03-04,18.59000015258789,18.739999771118164,18.420000076293945,18.420000076293945,17.233949661254883,4107100,0.5154157259445803,0.018651577453879513
2019-03-05,18.479999542236328,18.690000534057617,18.34000015258789,18.520000457763672,17.3275089263916,5742900,0.5036003441963764,0.018163277760616967
2019-03-06,18.559999465942383,18.59000015258789,18.229999542236328,18.270000457763672,17.09360694885254,4545600,0.4933432203503183,0.017598552481005624
2019-03-07,18.190000534057617,18.479999542236328,18.020000457763672,18.329999923706055,17.149744033813477,3574700,0.4909614963590568,0.016511636160309616
2019-03-08,18.15999984741211,18.34000015258789,18.010000228881836,18.290000915527344,17.112319946289062,3020400,0.4794642411695566,0.016153466090966084
2019-03-11,18.3799991607666,18.489999771118164,17.690000534057617,17.889999389648438,16.738075256347656,7061000,0.5023595980189131,0.016635029716565396
2019-03-12,17.950000762939453,17.950000762939453,17.43000030517578,17.739999771118164,16.597734451293945,6051600,0.5036196594292529,0.015536817694692144
2019-03-13,17.780000686645508,18.079999923706055,17.68000030517578,17.690000534057617,16.55095100402832,7061900,0.49621822793646864,0.014955718680270152
2019-03-14,17.770000457763672,17.920000076293945,17.559999465942383,17.75,16.60708999633789,4575800,0.4864883981089753,0.014582440905071808
2019-03-15,17.739999771118164,17.8799991607666,17.600000381469727,17.6299991607666,16.49481773376465,7950100,0.4717391396223967,0.014594356446608007
2019-03-18,17.68000030517578,17.739999771118164,17.469999313354492,17.649999618530273,16.513526916503906,5285700,0.45732923377534496,0.014581181403782562
2019-03-19,17.690000534057617,18.110000610351562,17.6200008392334,17.850000381469727,16.700651168823242,7745300,0.4596628435855464,0.013706354861383909
2019-03-20,17.860000610351562,18.079999923706055,17.540000915527344,17.600000381469727,16.466747283935547,5072500,0.4654011410564867,0.013137207904923653
2019-03-21,17.6200008392334,17.84000015258789,17.540000915527344,17.780000686645508,16.635162353515625,3595200,0.453586719342491,0.013042723177000228
2019-03-22,17.639999389648438,17.770000457763672,16.860000610351562,16.920000076293945,15.830533981323242,4026200,0.48690195912473777,0.014490760077374982
2019-03-25,16.809999465942383,17.059999465942383,16.68000030517578,16.889999389648438,15.80246353149414,3862600,0.4792660449562995,0.014001128226736647
2019-03-26,17.030000686645508,17.309999465942383,16.940000534057617,17.110000610351562,16.008298873901367,2727800,0.47503276148041707,0.013303425030247059
2019-03-27,17.139999389648438,17.34000015258789,17.030000686645508,17.170000076293945,16.064435958862305,2771100,0.46324466894198607,0.013195186995117339
2019-03-28,17.43000030517578,18.329999923706055,17.43000030517578,17.719999313354492,16.57901954650879,5212200,0.5130128959755663,0.01580754699786469
2019-03-29,17.790000915527344,17.959999084472656,17.670000076293945,17.8799991607666,16.72871971130371,4365900,0.4970833325615052,0.015816262456164434
2019-04-01,17.950000762939453,18.200000762939453,17.920000076293945,18.18000030517578,17.009403228759766,5498800,0.4844346375337443,0.015590007639849898
2019-04-02,18.219999313354492,18.25,17.809999465942383,17.90999984741211,16.756786346435547,3235100,0.4812607729997352,0.014703140275146983
2019-04-03,18.079999923706055,18.1200008392334,17.81999969482422,17.829999923706055,16.68193817138672,4099500,0.4683136566718384,0.014577709993200542
2019-04-04,17.860000610351562,18.43000030517578,17.850000381469727,18.389999389648438,17.20587921142578,3165300,0.477719851300259,0.014208316038573405
2019-04-05,18.469999313354492,18.68000030517578,18.40999984741211,18.459999084472656,17.271373748779297,4303500,0.46431135588790795,0.014151185993843239
2019-04-08,18.43000030517578,18.75,18.25,18.34000015258789,17.159101486206055,3398900,0.4668605447530574,0.013322471913222252
2019-04-09,18.25,18.34000015258789,17.950000762939453,17.979999542236328,16.82227897644043,3168700,0.46137046224558453,0.012763015527097295
2019-04-10,17.979999542236328,18.15999984741211,17.770000457763672,18.020000457763672,16.859704971313477,3247700,0.45627252848864547,0.012215509686371707
2019-04-11,18.09000015258789,18.510000228881836,18.040000915527344,18.31999969482422,17.1403865814209,5940800,0.4586816172478968,0.011515051048720252
2019-04-12,18.3799991607666,18.530000686645508,18.260000228881836,18.520000457763672,17.3275089263916,4787700,0.44520439157045216,0.011655206379343423
2019-04-15,18.520000457763672,18.68000030517578,18.43000030517578,18.489999771118164,17.299440383911133,6548800,0.43126122074399126,0.011818632411280386
2019-04-16,18.549999237060547,18.81999969482422,18.5,18.75,17.542699813842773,5223100,0.4240282709555672,0.011491083652504933
2019-04-17,18.809999465942383,19.020000457763672,18.75,18.809999465942383,17.59883689880371,3035700,0.4130262842990033,0.011456148152794861
2019-04-18,18.739999771118164,19.06999969482422,18.690000534057617,18.889999389648438,17.673683166503906,3786300,0.4106672040466889,0.010806357588474829
2019-04-22,18.850000381469727,18.940000534057617,18.610000610351562,18.6299991607666,17.4304256439209,3681000,0.40490525545092926,0.010446042660423743
2019-04-23,18.729999542236328,18.829999923706055,18.450000762939453,18.81999969482422,17.60819435119629,3473800,0.40312624868776303,0.009826968667762491
2019-04-24,18.90999984741211,19.059999465942383,18.739999771118164,18.959999084472656,17.739179611206055,3088100,0.39718863769750984,0.009549157405083256
2019-04-25,18.8799991607666,18.950000762939453,18.510000228881836,18.739999771118164,17.53334617614746,3668700,0.4009607961184606,0.009136514620502361
2019-04-26,18.780000686645508,18.90999984741211,18.549999237060547,18.780000686645508,17.570770263671875,3433800,0.39803506856368215,0.008692886972950653
2019-04-29,18.729999542236328,18.959999084472656,18.469999313354492,18.559999465942383,17.364933013916016,4502700,0.40460397588900227,0.008541174140977043
2019-04-30,18.440000534057617,18.540000915527344,18.020000457763672,18.06999969482422,16.906484603881836,5350700,0.41427504962398143,0.008621881254834337
2019-05-01,18.110000610351562,18.420000076293945,18.100000381469727,18.139999389648438,16.97197914123535,9151100,0.40968400189867754,0.00833396457415359
2019-05-02,18.40999984741211,19.100000381469727,17.100000381469727,17.229999542236328,16.12057113647461,13817000,0.5232780017630577,0.01585253852345549
2019-05-03,17.309999465942383,17.93000030517578,17.149999618530273,17.81999969482422,16.672584533691406,9776200,0.5416153363975185,0.016030023959955866
2019-05-06,17.5,17.860000610351562,17.270000457763672,17.799999237060547,16.653867721557617,5906900,0.5450713946968307,0.01513188355562418
2019-05-07,17.700000762939453,17.950000762939453,17.559999465942383,17.75,16.60708999633789,5117300,0.5339949591468478,0.014842208698078379
2019-05-08,17.68000030517578,17.920000076293945,17.420000076293945,17.520000457763672,16.39189910888672,5694500,0.5315667477792159,0.01395549460304649
2019-05-09,17.6299991607666,17.6299991607666,17.149999618530273,17.520000457763672,16.39189910888672,6422400,0.5278833759547239,0.013221771547435453
2019-05-10,17.459999084472656,17.5,16.760000228881836,17.0,15.905384063720703,9089500,0.5444631511638034,0.013461628951838599
2019-05-13,16.540000915527344,16.559999465942383,15.989999771118164,16.1200008392334,15.216307640075684,6575300,0.5777157995722343,0.014875273198738048
2019-05-14,16.190000534057617,16.540000915527344,15.979999542236328,16.479999542236328,15.556123733520508,7064900,0.5764504834092901,0.013903133410467061
2019-05-15,16.40999984741211,16.8700008392334,16.139999389648438,16.399999618530273,15.480607986450195,3603900,0.5874184095646952,0.013693475749391207
2019-05-16,16.510000228881836,17.0,16.399999618530273,16.81999969482422,15.87706470489502,4026400,0.588317121843626,0.01277956407292975
2019-05-17,16.649999618530273,17.139999389648438,16.6200008392334,16.81999969482422,15.87706470489502,3798200,0.5834372238844411,0.012215302207662258
2019-05-20,16.719999313354492,16.719999313354492,16.350000381469727,16.56999969482422,15.641077995300293,3779300,0.5753345159894447,0.011921545471043264
2019-05-21,16.579999923706055,16.899999618530273,16.520000457763672,16.889999389648438,15.94313907623291,3056400,0.5613819906163845,0.012066615464044476
2019-05-22,16.690000534057617,16.760000228881836,16.389999389648438,16.399999618530273,15.480607986450195,4495200,0.5569975627152142,0.011517887780982037
2019-05-23,16.229999542236328,16.350000381469727,15.789999961853027,15.890000343322754,14.999199867248535,4759500,0.560783426569645,0.01096560035765695
2019-05-24,16.0,16.15999984741211,15.640000343322754,15.779999732971191,14.895366668701172,3938900,0.5578702892496243,0.010390424426397213
2019-05-28,15.819999694824219,15.979999542236328,15.75,15.75,14.867047309875488,4955200,0.5344509501772461,0.01132106118682443
2019-05-29,15.65999984741211,15.710000038146973,15.25,15.5,14.631062507629395,4345900,0.5319901680217285,0.010688184113159655
2019-05-30,15.430000305175781,15.5600004196167,15.130000114440918,15.170000076293945,14.319562911987305,3899700,0.5247051778184465,0.01044509883388268
2019-05-31,14.960000038146973,15.09000015258789,14.600000381469727,14.850000381469727,14.01750373840332,5126100,0.5279405004617159,0.009930114820267446
2019-06-03,14.760000228881836,15.210000038146973,14.640000343322754,14.899999618530273,14.064699172973633,6428700,0.5309447286304662,0.00943540863087336
2019-06-04,15.09000015258789,15.770000457763672,15.029999732971191,15.729999542236328,14.84816837310791,3733700,0.5551630222449614,0.01049132898684635
2019-06-05,15.970000267028809,16.139999389648438,15.520000457763672,15.90999984741211,15.018077850341797,4433600,0.5597941586478046,0.010072743802274697
2019-06-06,15.859999656677246,16.1200008392334,15.75,16.059999465942383,15.159668922424316,3393300,0.546237492975347,0.010321595364430619
2019-06-07,16.059999465942383,16.31999969482422,15.850000381469727,16.25,15.339017868041992,3833000,0.5407919087167145,0.00997330885687361
2019-06-10,16.350000381469727,16.610000610351562,16.270000457763672,16.34000015258789,15.423971176147461,2482200,0.527878244547775,0.010183334236306884
2019-06-11,16.5,16.670000076293945,16.40999984741211,16.40999984741211,15.490047454833984,2820000,0.5137440787733664,0.010465536489028437
2019-06-12,16.420000076293945,16.43000030517578,15.90999984741211,16.06999969482422,15.169107437133789,3007300,0.5141909629869595,0.00974991846935449
2019-06-13,16.15999984741211,16.440000534057617,16.059999465942383,16.40999984741211,15.490047454833984,2342300,0.504605970496122,0.009738138042317568
2019-06-14,16.31999969482422,16.65999984741211,16.100000381469727,16.59000015258789,15.659957885742188,3374600,0.5085626487422835,0.009325176628306424
2019-06-17,16.559999465942383,17.15999984741211,16.510000228881836,16.850000381469727,15.905384063720703,4328900,0.5186652894414256,0.009380709776223259
2019-06-18,17.0,17.389999389648438,16.920000076293945,17.350000381469727,16.377351760864258,3612400,0.5201891264940889,0.008819504581683258
2019-06-19,17.329999923706055,17.399999618530273,16.940000534057617,17.229999542236328,16.26407814025879,3878000,0.5158898377782722,0.008496632019835642
2019-06-20,17.399999618530273,17.56999969482422,17.290000915527344,17.549999237060547,16.566139221191406,2865600,0.5033262888361022,0.008787126085716671
2019-06-21,17.559999465942383,17.68000030517578,17.270000457763672,17.6200008392334,16.63221549987793,5968500,0.49666011444867414,0.008635629535838912
2019-06-24,17.469999313354492,17.59000015258789,16.6299991607666,16.700000762939453,15.763792037963867,4368200,0.5318987975928258,0.010535847650718392
2019-06-25,16.780000686645508,16.84000015258789,16.540000915527344,16.649999618530273,15.716593742370605,3047700,0.5153345432690916,0.010966448127362378
2019-06-26,16.65999984741211,17.15999984741211,16.579999923706055,16.920000076293945,15.971458435058594,3280300,0.519953499014589,0.010513055814372023
2019-06-27,17.059999465942383,17.1299991607666,16.729999542236328,16.989999771118164,16.03753089904785,2879200,0.5113853646942808,0.010374132850510323
2019-06-28,17.079999923706055,17.280000686645508,17.0,17.219999313354492,16.254636764526367,4664400,0.49557218975378525,0.010762635856937834
2019-07-01,17.43000030517578,17.690000534057617,16.760000228881836,16.969999313354492,16.018653869628906,4223300,0.526602769426785,0.012210346129513683
2019-07-02,16.950000762939453,17.190000534057617,16.850000381469727,16.90999984741211,15.962018966674805,2554000,0.5132740110811497,0.012290232716379513
2019-07-03,16.969999313354492,17.399999618530273,16.920000076293945,17.3799991607666,16.405670166015625,1544400,0.5116115653695078,0.011531105073183967
2019-07-05,17.34000015258789,17.450000762939453,17.110000610351562,17.3799991607666,16.405670166015625,1707700,0.499353607313678,0.011583023143372955
2019-07-08,17.06999969482422,17.5,17.06999969482422,17.459999084472656,16.481185913085938,5073600,0.49439980001811396,0.011109507725672318
2019-07-09,17.399999618530273,17.440000534057617,17.079999923706055,17.18000030517578,16.216882705688477,2741100,0.4862283257858631,0.010899648190427927
2019-07-10,17.100000381469727,17.100000381469727,16.309999465942383,16.34000015258789,15.423971176147461,5518000,0.5136406481749728,0.012079124918905195
2019-07-11,16.350000381469727,16.360000610351562,15.899999618530273,16.079999923706055,15.178547859191895,5794700,0.5098092441497096,0.011490001997930764
2019-07-12,16.09000015258789,16.479999542236328,16.059999465942383,16.3799991607666,15.461729049682617,4285500,0.5033943035885836,0.011127497609587566
2019-07-15,16.43000030517578,16.709999084472656,16.389999389648438,16.6200008392334,15.688276290893555,3700400,0.4910089907398315,0.011217341555242176
2019-07-16,16.670000076293945,17.09000015258789,16.56999969482422,16.93000030517578,15.98089599609375,4732400,0.493079809812963,0.010564018520805699
2019-07-17,16.850000381469727,16.969999313354492,16.479999542236328,16.489999771118164,15.565564155578613,4543800,0.4928598070490488,0.009825160252456305
2019-07-18,16.489999771118164,16.56999969482422,16.079999923706055,16.459999084472656,15.53724479675293,12442200,0.49265551876827135,0.009137955111622102
2019-07-19,16.559999465942383,16.75,16.450000762939453,16.530000686645508,15.60332202911377,3246100,0.4788943557891482,0.009468184245015035
2019-07-22,16.6299991607666,16.649999618530273,15.960000038146973,15.970000267028809,15.074714660644531,2696100,0.49397330040301624,0.009868952842790251
2019-07-23,16.010000228881836,16.229999542236328,15.930000305175781,16.200000762939453,15.291821479797363,2329000,0.48011801016426847,0.010153691228215788
2019-07-24,16.239999771118164,16.559999465942383,16.100000381469727,16.559999465942383,15.631637573242188,3299100,0.478680944043439,0.009531075149116762
2019-07-25,16.450000762939453,16.6299991607666,16.079999923706055,16.1299991607666,15.225744247436523,5081000,0.4837751078303753,0.009214152908961012
2019-07-26,16.1299991607666,16.309999465942383,15.869999885559082,16.15999984741211,15.254063606262207,3601900,0.48064828444129853,0.00877934365754071
2019-07-29,16.1299991607666,16.260000228881836,15.649999618530273,15.829999923706055,14.942562103271484,4530300,0.4898877362920317,0.008812208528483027
2019-07-30,15.720000267028809,15.949999809265137,15.369999885559082,15.890000343322754,14.999199867248535,6069300,0.49632432110731906,0.008642521120397621
2019-07-31,15.890000343322754,16.200000762939453,15.739999771118164,16.09000015258789,15.18798828125,7722800,0.49372979758688834,0.008210521291828556
2019-08-01,16.399999618530273,16.399999618530273,14.5,15.050000190734863,14.206291198730469,13793100,0.5941776419399873,0.014798901510490733
2019-08-02,14.90999984741211,15.25,14.90999984741211,15.15999984741211,14.310123443603516,7077000,0.5760221069862662,0.015038661042150046
2019-08-05,14.90999984741211,15.220000267028809,14.729999542236328,15.0,14.159093856811523,6560700,0.5698777225438529,0.014403355570740278
2019-08-06,15.1899995803833,15.34000015258789,14.899999618530273,15.029999732971191,14.187411308288574,9462200,0.5606007805091219,0.014037183175311049
2019-08-07,14.779999732971191,14.9399995803833,14.430000305175781,14.75,13.923108100891113,6454600,0.5634149696009996,0.013235540740780094
2019-08-08,14.989999771118164,15.300000190734863,14.869999885559082,14.989999771118164,14.149653434753418,7104500,0.5624567711105612,0.012358587722898539
2019-08-09,14.880000114440918,15.149999618530273,14.710000038146973,15.069999694824219,14.22516918182373,3021400,0.5537098289157569,0.01210061304232038
2019-08-12,14.819999694824219,14.869999885559082,14.289999961853027,14.539999961853027,13.862865447998047,5766000,0.5698733934911451,0.012390823866110933
2019-08-13,14.479999542236328,15.260000228881836,14.350000381469727,14.569999694824219,13.891468048095703,9416700,0.5941681401997853,0.013241104069148735
2019-08-14,14.210000038146973,14.279999732971191,13.800000190734863,13.930000305175781,13.28127384185791,7450100,0.6067275233347545,0.013192409716707347
2019-08-15,13.960000038146973,14.0,12.960000038146973,13.109999656677246,12.49946117401123,10924600,0.6376755546574884,0.014460668402852095
2019-08-16,13.329999923706055,13.6899995803833,13.220000267028809,13.619999885559082,12.985711097717285,6071100,0.633555866732386,0.01372202694015569
2019-08-19,13.920000076293945,14.109999656677246,13.789999961853027,13.800000190734863,13.157327651977539,4621400,0.6233018599027986,0.013474311217972235
2019-08-20,13.739999771118164,13.90999984741211,13.5600004196167,13.8100004196167,13.166862487792969,4270400,0.6037802576094137,0.013906260580501716
2019-08-21,14.010000228881836,14.220000267028809,13.930000305175781,14.0,13.348013877868652,5053600,0.5899387997381778,0.01390163181555416
2019-08-22,14.079999923706055,14.25,14.010000228881836,14.170000076293945,13.510096549987793,4098100,0.5656574568997365,0.014643039745760384
2019-08-23,13.989999771118164,14.0600004196167,13.569999694824219,13.649999618530273,13.014313697814941,7760500,0.5681105229404501,0.013772327338257043
2019-08-26,13.720000267028809,13.829999923706055,13.550000190734863,13.729999542236328,13.090587615966797,4604200,0.5475311807997888,0.014258542681285916
2019-08-27,13.8100004196167,13.850000381469727,13.359999656677246,13.5,12.871298789978027,3939900,0.5434218625135525,0.013533598081639512
2019-08-28,13.420000076293945,13.59000015258789,13.359999656677246,13.5600004196167,12.928504943847656,3201100,0.5210346220419162,0.014166001109496427
2019-08-29,13.640000343322754,13.880000114440918,13.539999961853027,13.65999984741211,13.023847579956055,3326400,0.5081035885094858,0.014077789139705999
2019-08-30,13.699999809265137,13.989999771118164,13.529999732971191,13.65999984741211,13.023847579956055,3798900,0.5046676206264491,0.013317659049943906
2019-09-03,13.539999961853027,13.649999618530273,12.899999618530273,13.119999885559082,12.508995056152344,6121700,0.5229056640732624,0.013669115078291725
2019-09-04,13.300000190734863,13.789999961853027,13.279999732971191,13.619999885559082,12.985711097717285,7002400,0.5334124078033112,0.013443231410560086
2019-09-05,13.899999618530273,14.539999961853027,13.829999923706055,14.329999923706055,13.66264533996582,9074500,0.5610258126954993,0.014455386659247801
2019-09-06,14.380000114440918,14.609999656677246,14.029999732971191,14.119999885559082,13.462425231933594,4622100,0.5623811063391104,0.013519665729559465
2019-09-09,14.149999618530273,15.069999694824219,14.140000343322754,15.0600004196167,14.358648300170898,10022400,0.5900681565481124,0.014531621763805359
2019-09-10,14.979999542236328,15.539999961853027,14.979999542236328,15.539999961853027,14.816295623779297,9339100,0.5879204610530114,0.013647055601755045
2019-09-11,15.550000190734863,16.020000457763672,15.079999923706055,15.920000076293945,15.17859935760498,7138400,0.6130690376961976,0.014468592819000124
2019-09-12,15.949999809265137,15.989999771118164,15.380000114440918,15.90999984741211,15.16906452178955,4687400,0.6128497961948439,0.013450782010596806
2019-09-13,16.030000686645508,16.170000076293945,15.739999771118164,15.829999923706055,15.092789649963379,2820600,0.5997891182649109,0.013422917433406538
2019-09-16,15.6899995803833,15.90999984741211,15.529999732971191,15.630000114440918,14.902104377746582,4418900,0.5840899037060543,0.013585510085224397
2019-09-17,15.600000381469727,15.600000381469727,14.75,14.829999923706055,14.139360427856445,7070100,0.605226347329973,0.014124862480845423
2019-09-18,14.800000190734863,14.979999542236328,14.739999771118164,14.869999885559082,14.177497863769531,4382100,0.5791387347434152,0.014979344631253456
2019-09-19,14.880000114440918,14.890000343322754,14.430000305175781,14.489999771118164,13.815194129943848,3570500,0.5706288278436692,0.014517241936145777
2019-09-20,14.550000190734863,14.739999771118164,14.260000228881836,14.329999923706055,13.66264533996582,6884400,0.5641553074431448,0.013942690397887108
2019-09-23,14.140000343322754,14.649999618530273,14.119999885559082,14.5600004196167,13.881935119628906,4889600,0.561715623552291,0.013121047075956157
2019-09-24,14.649999618530273,14.9399995803833,14.5600004196167,14.890000343322754,14.196566581726074,5905100,0.548735876210456,0.013110954237804642
2019-09-25,15.0,15.130000114440918,14.800000190734863,14.880000114440918,14.187031745910645,2730400,0.5331118796029989,0.013290457264208393
2019-09-26,14.880000114440918,15.09000015258789,14.770000457763672,15.039999961853027,14.339580535888672,2891800,0.5178895806902288,0.013428445953391368
2019-09-27,15.130000114440918,15.390000343322754,15.039999961853027,15.109999656677246,14.40632152557373,3761900,0.5058974950316215,0.013325848789478222
2019-09-30,15.079999923706055,15.399999618530273,14.970000267028809,15.319999694824219,14.606541633605957,3575600,0.5004761990651818,0.012761237873546898
2019-10-01,15.399999618530273,15.569999694824219,14.859999656677246,14.880000114440918,14.187031745910645,3428100,0.515442187571024,0.01291872006156799
2019-10-02,14.720000267028809,14.800000190734863,14.279999732971191,14.359999656677246,13.691247940063477,5040800,0.5214820585637885,0.012427373699510597
2019-10-03,14.350000381469727,14.579999923706055,13.9399995803833,14.579999923706055,13.901002883911133,5643600,0.529947650332286,0.012144389275866804
2019-10-04,14.5600004196167,14.84000015258789,14.430000305175781,14.819999694824219,14.1298246383667,3060600,0.5213799501237019,0.01188891148534661
2019-10-07,14.729999542236328,15.010000228881836,14.65999984741211,14.84000015258789,14.148895263671875,3192700,0.5091385523627036,0.011914089076464589
2019-10-08,14.600000381469727,14.789999961853027,14.390000343322754,14.609999656677246,13.929605484008789,2909900,0.5049143564271631,0.011364810994970009
2019-10-09,14.710000038146973,14.739999771118164,14.420000076293945,14.470000267028809,13.796125411987305,3311800,0.49170616631266706,0.011496480932079011
2019-10-10,14.569999694824219,14.9399995803833,14.470000267028809,14.75,14.063085556030273,5184800,0.4901556768156546,0.010786052972431402
2019-10-11,14.899999618530273,15.470000267028809,14.8100004196167,15.260000228881836,14.549335479736328,3419200,0.5065731475451656,0.011188297097937087
2019-10-14,15.15999984741211,15.359999656677246,14.829999923706055,15.319999694824219,14.606541633605957,2946200,0.5082464750755961,0.010508656414543757
2019-10-15,15.319999694824219,15.550000190734863,15.170000076293945,15.460000038146973,14.740021705627441,3214400,0.4990860207445476,0.010412356265722664
2019-10-16,15.4399995803833,15.649999618530273,15.34000015258789,15.489999771118164,14.768625259399414,2969500,0.48557983825867873,0.010633343852875966
2019-10-17,15.569999694824219,15.90999984741211,15.460000038146973,15.84000015258789,15.102325439453125,3379000,0.4830384076162829,0.010055350052127385
2019-10-18,14.479999542236328,15.479999542236328,14.470000267028809,15.229999542236328,14.520730972290039,8699000,0.5463927988979115,0.013862424425663183
2019-10-21,15.390000343322754,15.6899995803833,15.359999656677246,15.649999618530273,14.921173095703125,3963800,0.5402218874157015,0.013313030643987952
2019-10-22,15.680000305175781,16.34000015258789,15.529999732971191,16.309999465942383,15.550436019897461,3915800,0.5594917825729157,0.013738520966361249
2019-10-23,16.25,16.280000686645508,15.850000381469727,16.170000076293945,15.41695499420166,2356600,0.55238516128004,0.013264813846826564
2019-10-24,16.209999084472656,16.209999084472656,15.699999809265137,15.949999809265137,15.20720100402832,4086900,0.5493575979891456,0.012533581664259979
2019-10-25,15.75,15.9399995803833,15.550000190734863,15.890000343322754,15.149996757507324,3683500,0.5386891708849405,0.012400356338541776
2019-10-28,16.0,16.1200008392334,15.970000267028809,16.010000228881836,15.264408111572266,4756300,0.5166399798153479,0.013089558819331118
2019-10-29,15.979999542236328,16.1299991607666,15.899999618530273,16.049999237060547,15.302543640136719,4005700,0.49616566284541797,0.013617041544373891
2019-10-30,16.110000610351562,16.1200008392334,15.75,16.030000686645508,15.283476829528809,6917300,0.4871538897302737,0.013288093799428918
2019-10-31,14.4399995803833,15.260000228881836,14.029999732971191,15.210000038146973,14.501664161682129,15874500,0.5952143942977053,0.02005755171142911
2019-11-01,15.380000114440918,16.170000076293945,15.34000015258789,15.479999542236328,14.759088516235352,10706700,0.6212705117155101,0.020486020690455943
2019-11-04,15.539999961853027,15.819999694824219,15.479999542236328,15.8100004196167,15.073722839355469,6120200,0.601179771777823,0.02045778635097245
2019-11-05,15.880000114440918,16.260000228881836,15.630000114440918,15.920000076293945,15.17859935760498,5890100,0.6032383676823299,0.019143558461939193
2019-11-06,15.9399995803833,15.979999542236328,15.5600004196167,15.890000343322754,15.149996757507324,3631500,0.5901498501778512,0.018711055536406302
2019-11-07,16.139999389648438,16.25,15.8100004196167,15.989999771118164,15.245338439941406,5360700,0.5794248309068118,0.018140624374594374
2019-11-08,15.819999694824219,15.930000305175781,15.520000457763672,15.859999656677246,15.264588356018066,3966600,0.5716087225102175,0.01740315894759437
2019-11-11,15.8100004196167,16.260000228881836,15.800000190734863,15.989999771118164,15.389707565307617,4240500,0.5636366736271287,0.01672950822870112
2019-11-12,16.0,16.020000457763672,15.59000015258789,15.630000114440918,15.04322338104248,3136600,0.5540912187377467,0.016216361561606895
2019-11-13,15.489999771118164,15.539999961853027,15.100000381469727,15.180000305175781,14.610116958618164,4943800,0.5523703983258499,0.015180965765199032
2019-11-14,15.119999885559082,15.489999771118164,15.09000015258789,15.25,14.677488327026367,5299300,0.5414867711975945,0.014874013005417344
2019-11-15,15.390000343322754,15.710000038146973,15.25,15.569999694824219,14.985474586486816,8167400,0.5356662902654071,0.014227332143043772
2019-11-18,15.65999984741211,15.699999809265137,15.289999961853027,15.4399995803833,14.860355377197266,7177100,0.5266901157758859,0.01385224945350645
2019-11-19,15.350000381469727,15.350000381469727,14.75,14.970000267028809,14.408000946044922,4733900,0.5383550775335584,0.01369601461808974
2019-11-20,14.930000305175781,15.140000343322754,14.75,15.0600004196167,14.494621276855469,3665300,0.5277583108042152,0.013474639768893557
2019-11-21,15.069999694824219,15.180000305175781,14.770000457763672,14.770000457763672,14.215508460998535,3556600,0.5193469919904933,0.013112973986381298
2019-11-22,14.829999923706055,15.210000038146973,14.779999732971191,15.029999732971191,14.465747833251953,4591200,0.5136793197328366,0.012581166720043821
2019-11-25,15.15999984741211,15.25,14.960000038146973,15.15999984741211,14.590867042541504,5235900,0.4977022227414217,0.012823733167998905
2019-11-26,15.0600004196167,15.079999923706055,14.149999618530273,15.050000190734863,14.484997749328613,11092200,0.534294937465737,0.014521517564878647
2019-11-27,15.170000076293945,15.449999809265137,15.15999984741211,15.399999618530273,14.821857452392578,6029200,0.5247024146846324,0.014169446508894784
2019-11-29,15.4399995803833,15.489999771118164,15.050000190734863,15.069999694824219,14.50424575805664,1908700,0.5186522122345373,0.01358950050469481
2019-12-02,15.069999694824219,15.5,15.029999732971191,15.1899995803833,14.61974048614502,6046200,0.5151770732912709,0.012867046107449919
2019-12-03,14.90999984741211,15.010000228881836,14.4399995803833,14.600000381469727,14.051891326904297,6725400,0.5319501394847516,0.013146047542166398
2019-12-04,14.550000190734863,14.859999656677246,14.550000190734863,14.720000267028809,14.167386054992676,4001100,0.5160965199460109,0.013339445541921702
2019-12-05,14.760000228881836,14.880000114440918,14.729999542236328,14.859999656677246,14.302128791809082,3886000,0.49066104333644656,0.014203447761039035
2019-12-06,15.039999961853027,15.15999984741211,14.930000305175781,14.970000267028809,14.408000946044922,4122900,0.477042411007762,0.014161675230156571
2019-12-09,14.960000038146973,15.3100004196167,14.930000305175781,15.270000457763672,14.696738243103027,5515600,0.47011081839584457,0.013645240757425205
2019-12-10,15.270000457763672,15.270000457763672,14.930000305175781,15.029999732971191,14.465747833251953,3807400,0.4608171994095622,0.013334410630915004
2019-12-11,15.050000190734863,15.140000343322754,14.859999656677246,14.979999542236328,14.417624473571777,4255900,0.4479017342121297,0.013304485957094823
2019-12-12,15.039999961853027,15.470000267028809,14.989999771118164,15.180000305175781,14.610116958618164,7437100,0.450908804967869,0.012568956299855143
2019-12-13,14.710000038146973,14.960000038146973,14.3100004196167,14.399999618530273,13.859397888183594,10213100,0.48084388215295565,0.013809393505943108
2019-12-16,14.550000190734863,14.949999809265137,14.539999961853027,14.859999656677246,14.302128791809082,11011700,0.48578361848023477,0.013175846564609966
2019-12-17,14.84000015258789,14.880000114440918,14.510000228881836,14.640000343322754,14.090389251708984,4647800,0.4775133518430096,0.012825447998368196
2019-12-18,14.890000343322754,15.119999885559082,14.779999732971191,14.84000015258789,14.282881736755371,7052400,0.47769093687110376,0.011922029214777195
2019-12-19,14.8100004196167,14.920000076293945,14.5,14.510000228881836,13.965270042419434,5446400,0.47357016111559247,0.01136479682482963
2019-12-20,14.539999961853027,14.729999542236328,14.449999809265137,14.619999885559082,14.071139335632324,8514700,0.459743701962421,0.01154062984828262
2019-12-23,14.699999809265137,14.819999694824219,14.569999694824219,14.739999771118164,14.18663501739502,3609700,0.44476200896510515,0.011786420073213564
2019-12-24,14.770000457763672,14.819999694824219,14.600000381469727,14.710000038146973,14.157761573791504,1421200,0.4287075307072042,0.012091281372119806
2019-12-26,14.84000015258789,14.970000267028809,14.619999885559082,14.680000305175781,14.128887176513672,3137100,0.42308559147595576,0.011629185504914707
2019-12-27,14.720000267028809,14.869999885559082,14.670000076293945,14.829999923706055,14.273255348205566,3220600,0.40715089274661154,0.01193672216380253
2019-12-30,14.789999961853027,14.850000381469727,14.579999923706055,14.739999771118164,14.18663501739502,4023800,0.39735443310497304,0.011783846269362241
2019-12-31,14.729999542236328,14.979999542236328,14.710000038146973,14.850000381469727,14.292505264282227,4344800,0.38825765246100036,0.011591913010405843
2020-01-02,14.770000457763672,14.859999656677246,14.40999984741211,14.569999694824219,14.023016929626465,8719200,0.39266780651843863,0.011078930228051018
2020-01-03,14.350000381469727,14.5,14.239999771118164,14.40999984741211,13.869023323059082,5653600,0.3881915291746969,0.010607312164886069
2020-01-06,14.300000190734863,14.699999809265137,14.300000190734863,14.670000076293945,14.1192626953125,4306200,0.38903496412866667,0.009909892364106334
2020-01-07,14.550000190734863,14.710000038146973,14.289999961853027,14.569999694824219,14.023016929626465,4936100,0.391246757854758,0.00936002817567669
2020-01-08,14.569999694824219,14.65999984741211,14.210000038146973,14.390000343322754,13.849775314331055,6069900,0.3954434043840708,0.008991215200936412
2020-01-09,14.399999618530273,14.460000038146973,13.930000305175781,14.050000190734863,13.522539138793945,5149100,0.40505457071172224,0.009035497424273202
2020-01-10,13.779999732971191,14.0,13.699999809265137,13.84000015258789,13.320422172546387,7488100,0.4011221286230083,0.008670993471733255
2020-01-13,13.880000114440918,14.140000343322754,13.680000305175781,14.140000343322754,13.609159469604492,6234200,0.4053276935890057,0.008352034292752126
2020-01-14,14.109999656677246,14.289999961853027,14.069999694824219,14.270000457763672,13.73427963256836,4345700,0.39209002026327733,0.008701008509393288
2020-01-15,14.130000114440918,14.170000076293945,13.770000457763672,14.010000228881836,13.484040260314941,7803900,0.3997978759587575,0.008630069022685207
2020-01-16,14.149999618530273,14.399999618530273,14.130000114440918,14.289999961853027,13.753528594970703,5779800,0.3990979840794489,0.008063627798158305
2020-01-17,14.369999885559082,14.40999984741211,14.149999618530273,14.319999694824219,13.782401084899902,5620400,0.38916243013676227,0.008197336808481757
2020-01-21,14.350000381469727,14.359999656677246,14.069999694824219,14.229999542236328,13.695780754089355,4174500,0.38207939668792407,0.00811774371136436
2020-01-22,14.239999771118164,14.449999809265137,14.149999618530273,14.329999923706055,13.792027473449707,5136800,0.3762165962627054,0.007956676333782524
2020-01-23,14.180000305175781,14.529999732971191,13.890000343322754,14.4399995803833,13.897896766662598,5245400,0.3950582243616863,0.008734172888439548
2020-01-24,14.470000267028809,14.510000228881836,14.130000114440918,14.25,13.715030670166016,4289000,0.39398264508163144,0.008187130487840642
2020-01-27,13.949999809265137,14.170000076293945,13.869999885559082,14.039999961853027,13.512913703918457,4425700,0.39298389289300906,0.007673674895039338
2020-01-28,14.149999618530273,14.390000343322754,14.069999694824219,14.229999542236328,13.695780754089355,4322400,0.3899136420770603,0.00734485888939001
2020-01-29,14.359999656677246,14.529999732971191,14.279999732971191,14.34000015258789,13.801651954650879,3414600,0.38349125269547485,0.007278968210261113
2020-01-30,14.210000038146973,14.300000190734863,14.039999961853027,14.270000457763672,13.73427963256836,5379200,0.377527605412574,0.007185016715449665
2020-01-31,14.270000457763672,14.329999923706055,13.699999809265137,13.760000228881836,13.243426322937012,7795800,0.39556135605745574,0.007959926281837669
2020-02-03,13.84000015258789,13.930000305175781,13.359999656677246,13.369999885559082,12.868066787719727,8998800,0.40802130551753285,0.008281356508854771
2020-02-04,13.649999618530273,13.970000267028809,13.550000190734863,13.850000381469727,13.330047607421875,9495300,0.42173409665697525,0.008669316125325316
2020-02-05,14.039999961853027,14.699999809265137,13.970000267028809,14.649999618530273,14.10001277923584,10384100,0.45232447745257776,0.010235106458916543
2020-02-06,14.75,14.880000114440918,14.399999618530273,14.420000076293945,13.87864875793457,12375000,0.45430133591386823,0.009645231601943251
2020-02-07,14.5,15.369999885559082,14.050000190734863,14.199999809265137,13.66690731048584,15793400,0.5161369329788933,0.013373114849306238
2020-02-10,14.229999542236328,14.229999542236328,13.829999923706055,13.890000343322754,13.368545532226562,13906400,0.5078414105182776,0.013010429678685487
2020-02-11,13.920000076293945,14.460000038146973,13.859999656677246,14.350000381469727,13.811275482177734,16302500,0.5144241941576668,0.01255131210445004
2020-02-12,14.5,15.010000228881836,14.460000038146973,14.770000457763672,14.215508460998535,8929000,0.5248224551044127,0.012397522736042601
2020-02-13,14.59000015258789,14.6899995803833,14.270000457763672,14.390000343322754,13.849775314331055,7753800,0.5230494225969547,0.011638630576857985
2020-02-14,14.300000190734863,14.539999961853027,14.229999542236328,14.300000190734863,13.908129692077637,6485600,0.5078316366697936,0.011894284530451068
2020-02-18,14.25,14.5600004196167,14.1899995803833,14.510000228881836,14.11237621307373,5911000,0.49798657971005106,0.011747911132543315
2020-02-19,14.380000114440918,14.4399995803833,14.140000343322754,14.289999961853027,13.898404121398926,5174300,0.48884467298498185,0.011561767960580878
2020-02-20,14.270000457763672,14.770000457763672,14.25,14.720000267028809,14.316620826721191,6348000,0.4910700861834597,0.010894885477573519
2020-02-21,14.619999885559082,14.699999809265137,14.4399995803833,14.489999771118164,14.092923164367676,4030400,0.47599370050217743,0.011193564063552717
2020-02-24,14.010000228881836,14.319999694824219,13.930000305175781,14.079999923706055,13.694158554077148,6134200,0.481994112319335,0.010822624617381633
2020-02-25,14.149999618530273,14.1899995803833,13.369999885559082,13.420000076293945,13.052245140075684,6996900,0.506137368212541,0.011774098279940515
2020-02-26,13.539999961853027,13.6899995803833,12.670000076293945,12.670000076293945,12.322797775268555,10444300,0.5428418064894563,0.013554836851153006
2020-02-27,12.369999885559082,13.210000038146973,12.119999885559082,12.859999656677246,12.507590293884277,11874000,0.5819245454964873,0.015378258433715718
2020-02-28,12.470000267028809,13.260000228881836,12.470000267028809,13.239999771118164,12.877177238464355,16157200,0.5967870752362402,0.01534142066986123
2020-03-02,13.210000038146973,13.380000114440918,12.649999618530273,13.359999656677246,12.993889808654785,8246700,0.6063023195701263,0.014925265217291575
2020-03-03,13.079999923706055,13.210000038146973,12.279999732971191,12.350000381469727,12.011567115783691,17395500,0.6401378627226926,0.016275999355525487
2020-03-04,12.479999542236328,12.8100004196167,12.390000343322754,12.789999961853027,12.439509391784668,7930000,0.6272708752529983,0.016032498506537544
2020-03-05,12.479999542236328,12.710000038146973,12.270000457763672,12.399999618530273,12.060195922851562,5218400,0.6196086344555952,0.015434622955885083
2020-03-06,12.069999694824219,12.550000190734863,12.010000228881836,12.020000457763672,11.6906099319458,12445700,0.6139223006982689,0.014738316584559456
2020-03-09,11.1899995803833,11.569999694824219,10.8100004196167,11.260000228881836,10.951436996459961,7850600,0.6564992819446049,0.01672679263182921
2020-03-10,11.670000076293945,11.760000228881836,10.90999984741211,11.319999694824219,11.00979232788086,9166600,0.6703207890535422,0.01651927223733693
2020-03-11,11.050000190734863,11.050000190734863,10.0,10.170000076293945,9.89130687713623,12277100,0.7167264251800191,0.01865401251513264
2020-03-12,9.600000381469727,9.699999809265137,8.960000038146973,9.300000190734863,9.045147895812988,13302300,0.7519602546776586,0.019838285156740274
2020-03-13,9.90999984741211,9.930000305175781,8.630000114440918,9.680000305175781,9.414734840393066,10841500,0.7911059643960304,0.021217386911142527
2020-03-16,8.630000114440918,9.15999984741211,8.109999656677246,8.380000114440918,8.150359153747559,9935200,0.8467412989747808,0.023675811744543085
2020-03-17,8.520000457763672,9.850000381469727,7.889999866485596,9.800000190734863,9.531445503234863,11559400,0.92625981440402,0.027664576293449955
2020-03-18,8.949999809265137,9.270000457763672,8.3100004196167,8.949999809265137,8.70473861694336,11320500,0.966526954169316,0.028564759398581812
2020-03-19,8.819999694824219,9.300000190734863,8.0,9.1899995803833,8.938161849975586,10920200,0.9903464710668551,0.028225813505650194
2020-03-20,9.34000015258789,10.010000228881836,8.869999885559082,8.979999542236328,8.733916282653809,10508700,1.001036033370848,0.026973224134103236
2020-03-23,10.5,10.5,8.510000228881836,8.979999542236328,8.733916282653809,15731500,1.0716763003527991,0.030092298623235238
2020-03-24,9.4399995803833,9.800000190734863,8.789999961853027,9.0,8.753368377685547,9359800,1.0672708666763018,0.028257522555611102
2020-03-25,9.300000190734863,9.319999694824219,8.149999618530273,8.920000076293945,8.67556095123291,15613800,1.0746086673632764,0.026763256707851353
2020-03-26,9.029999732971191,9.1899995803833,8.539999961853027,8.949999809265137,8.70473861694336,12652200,1.0442794495894905,0.02701796821256097
2020-03-27,8.609999656677246,8.819999694824219,7.699999809265137,8.1899995803833,7.965564727783203,12897700,1.0589737746188126,0.026137707985186765
2020-03-30,8.25,8.270000457763672,7.590000152587891,8.0600004196167,7.839128494262695,10015800,1.0319042410871675,0.026204266952790933
2020-03-31,8.020000457763672,8.289999961853027,7.829999923706055,7.869999885559082,7.654334545135498,7311400,0.9910539408771536,0.027250412185449716
2020-04-01,7.5,7.610000133514404,7.130000114440918,7.389999866485596,7.187488079071045,9043200,0.9731215001800829,0.02658484279342264
2020-04-02,7.340000152587891,7.739999771118164,7.059999942779541,7.25,7.051324844360352,10385300,0.952184237905693,0.026181444184920306
2020-04-03,7.170000076293945,7.429999828338623,6.960000038146973,7.170000076293945,6.973516941070557,10551200,0.9177424916404042,0.02677146576208948
2020-04-06,7.570000171661377,8.399999618530273,7.420000076293945,8.050000190734863,7.829402446746826,13402700,0.9400465666829703,0.026452366424980663
2020-04-07,8.710000038146973,9.239999771118164,8.34000015258789,8.359999656677246,8.130906105041504,16392900,0.957900353375851,0.025838182158402095
2020-04-08,8.59000015258789,9.569999694824219,8.5600004196167,9.210000038146973,8.957613945007324,13286000,0.9759074737166454,0.02527882060000155
2020-04-09,9.800000190734863,10.239999771118164,9.369999885559082,9.569999694824219,9.307747840881348,10998500,0.9797712065205416,0.023749171471708307
2020-04-13,9.609999656677246,9.649999618530273,9.039999961853027,9.350000381469727,9.093777656555176,5490400,0.9533589529603061,0.023939391620888817
2020-04-14,9.489999771118164,9.779999732971191,9.199999809265137,9.470000267028809,9.210490226745605,6814800,0.9266904508707168,0.024134328082938857
2020-04-15,9.119999885559082,9.130000114440918,8.649999618530273,8.890000343322754,8.646383285522461,6465400,0.9190697507012752,0.02295478323197477
2020-04-16,9.0,9.0,8.529999732971191,8.680000305175781,8.442138671875,6040000,0.8869933590103847,0.02360632669332589
2020-04-17,9.140000343322754,9.550000190734863,9.0600004196167,9.210000038146973,8.957613945007324,7401300,0.8857795394781488,0.022006861896105175
2020-04-20,8.989999771118164,9.180000305175781,8.6899995803833,8.789999961853027,8.549123764038086,4031000,0.8596524622128291,0.022301162993906214
2020-04-21,8.579999923706055,8.859999656677246,8.479999542236328,8.680000305175781,8.442138671875,5509500,0.8253915802291212,0.023155428636034904
2020-04-22,8.8100004196167,8.90999984741211,8.359999656677246,8.369999885559082,8.140632629394531,5377900,0.805720766693817,0.022906527557411283
2020-04-23,8.430000305175781,8.65999984741211,8.170000076293945,8.289999961853027,8.062825202941895,8796900,0.7831692670098418,0.02288116842359442
2020-04-24,8.319999694824219,8.59000015258789,8.210000038146973,8.4399995803833,8.20871353149414,7388900,0.7543714703977759,0.023303784722770955
2020-04-27,8.619999885559082,9.390000343322754,8.510000228881836,9.180000305175781,8.928436279296875,6861700,0.7683449912936099,0.022637337306561176
2020-04-28,9.5,9.84000015258789,9.350000381469727,9.75,9.482815742492676,8555600,0.7606060524449313,0.02157316598814099
2020-04-29,10.039999961853027,10.489999771118164,10.029999732971191,10.390000343322754,10.105278968811035,10965200,0.7591341752073051,0.020137359648818503
2020-04-30,10.329999923706055,10.380000114440918,9.649999618530273,9.9399995803833,9.667609214782715,13617100,0.7577675001776747,0.01879659646173364
2020-05-01,9.539999961853027,9.6899995803833,9.34000015258789,9.579999923706055,9.317474365234375,9570400,0.7464983521503701,0.018258921573560134
2020-05-04,9.239999771118164,9.609999656677246,9.0600004196167,9.510000228881836,9.249393463134766,10642700,0.7324627010725255,0.017957259395294738
2020-05-05,9.699999809265137,10.420000076293945,9.680000305175781,10.050000190734863,9.774595260620117,14428800,0.7451439258110673,0.017580399776955236
2020-05-06,10.050000190734863,10.210000038146973,9.369999885559082,9.600000381469727,9.33692741394043,6437800,0.7519193705808404,0.016808617276442225
2020-05-07,9.6899995803833,9.930000305175781,9.3100004196167,9.3100004196167,9.0548734664917,5572800,0.7424965502221433,0.016281060353746137
2020-05-08,9.449999809265137,9.640000343322754,9.34000015258789,9.470000267028809,9.210490226745605,6021400,0.7130325054709942,0.01722270209641778
2020-05-11,9.329999923706055,9.329999923706055,8.800000190734863,8.970000267028809,8.724190711975098,8937800,0.7099587605297764,0.01621206229961778
2020-05-12,9.010000228881836,9.25,8.640000343322754,8.649999618530273,8.412959098815918,6528500,0.7028188245403099,0.015564053277464117
2020-05-13,8.5600004196167,8.59000015258789,8.109999656677246,8.25,8.023921966552734,9759800,0.6911889057769326,0.015283043669315056
2020-05-14,8.029999732971191,8.550000190734863,7.710000038146973,8.529999732971191,8.296248435974121,9077300,0.701818280549144,0.014950638748093366
2020-05-15,8.359999656677246,8.6899995803833,8.300000190734863,8.520000457763672,8.28652286529541,6164000,0.6795455026276649,0.015473648689049489
2020-05-18,8.850000381469727,9.430000305175781,8.8100004196167,9.319999694824219,9.22704792022705,5471100,0.6960065272551252,0.015544175541793121
2020-05-19,9.229999542236328,9.579999923706055,8.920000076293945,9.260000228881836,9.167646408081055,6943600,0.6934346215520526,0.014617584839027373
2020-05-20,9.380000114440918,9.65999984741211,9.3100004196167,9.569999694824219,9.474554061889648,8884200,0.6724749784790685,0.015070588998595714
2020-05-21,9.489999771118164,9.829999923706055,9.380000114440918,9.8100004196167,9.71216106414795,5450000,0.6565838949637877,0.015129195749787506
2020-05-22,9.869999885559082,10.069999694824219,9.449999809265137,9.59000015258789,9.494355201721191,6856200,0.65397075143488,0.014235192019724658
2020-05-26,10.119999885559082,10.779999732971191,10.020000457763672,10.6899995803833,10.583383560180664,9703800,0.6922585249311959,0.015953233553766887
2020-05-27,11.100000381469727,11.40999984741211,10.779999732971191,11.300000190734863,11.187300682067871,12121200,0.6942400779381682,0.014955256371852991
2020-05-28,11.3100004196167,11.350000381469727,10.149999618530273,10.210000038146973,10.108171463012695,8443300,0.7303658411525458,0.016467435432033318
2020-05-29,10.039999961853027,10.09000015258789,9.649999618530273,9.859999656677246,9.761661529541016,24388300,0.7181968824714139,0.016160401378397502
2020-06-01,9.890000343322754,10.470000267028809,9.859999656677246,10.289999961853027,10.187373161315918,6240200,0.7104685773199959,0.01555810879075611
2020-06-02,10.470000267028809,10.84000015258789,10.329999923706055,10.720000267028809,10.613085746765137,6724000,0.6990065497067722,0.015265531563789509
2020-06-03,11.09000015258789,12.100000381469727,11.069999694824219,12.039999961853027,11.919919967651367,12221700,0.7476489471877826,0.017649593415019572
2020-06-04,11.9399995803833,12.0600004196167,11.630000114440918,11.9399995803833,11.820917129516602,10650500,0.7249597584726396,0.018009564507885534
2020-06-05,12.65999984741211,13.270000457763672,12.649999618530273,12.920000076293945,12.791143417358398,15153100,0.7681769812517633,0.019810111527259682
2020-06-08,13.1899995803833,13.369999885559082,12.649999618530273,13.210000038146973,13.078250885009766,6992200,0.764735787378695,0.01864090312338887
2020-06-09,14.010000228881836,14.010000228881836,13.029999732971191,13.100000381469727,12.969348907470703,9688000,0.7801118379881199,0.018407699372391444
2020-06-10,12.979999542236328,13.039999961853027,12.550000190734863,12.579999923706055,12.454534530639648,6569700,0.7636752917557443,0.018266902719533167
2020-06-11,11.649999618530273,11.979999542236328,11.09000015258789,11.199999809265137,11.088297843933105,10762800,0.815555611710203,0.020667861093456415
2020-06-12,11.720000267028809,11.880000114440918,11.279999732971191,11.720000267028809,11.60311222076416,8607600,0.8058730898148871,0.019883194007874944
2020-06-15,11.25,11.760000228881836,11.029999732971191,11.65999984741211,11.543709754943848,9867200,0.800453618821727,0.018850070935395313
2020-06-16,12.239999771118164,12.4399995803833,11.8100004196167,12.100000381469727,11.97932243347168,6033100,0.7989926269752602,0.01760799385761471
2020-06-17,12.069999694824219,12.149999618530273,11.789999961853027,11.850000381469727,11.731815338134766,5489800,0.7676359862396878,0.01859004006318312
2020-06-18,11.6899995803833,12.020000457763672,11.550000190734863,11.8100004196167,11.692214012145996,4733900,0.7463762920103393,0.018780729646480646
2020-06-19,12.020000457763672,12.140000343322754,11.319999694824219,11.350000381469727,11.236802101135254,13977100,0.751635174616639,0.017814883429324864
2020-06-22,11.25,11.40999984741211,11.069999694824219,11.229999542236328,11.117998123168945,6924000,0.722232673043157,0.0186425704396218
2020-06-23,11.4399995803833,11.569999694824219,11.130000114440918,11.270000457763672,11.157600402832031,6638700,0.7020731664245957,0.018750923023831762
2020-06-24,11.0600004196167,11.079999923706055,10.550000190734863,10.710000038146973,10.603184700012207,7691200,0.7033536736106109,0.01750303617827343
2020-06-25,10.600000381469727,10.779999732971191,10.4399995803833,10.760000228881836,10.65268611907959,4935500,0.6773998506804165,0.01810666380341064
2020-06-26,10.649999618530273,10.800000190734863,10.279999732971191,10.460000038146973,10.35567855834961,11109500,0.666157036900649,0.017616388801721845
2020-06-29,10.550000190734863,11.210000038146973,10.5,11.149999618530273,11.038796424865723,5775100,0.672145819979174,0.016785845535779213
2020-06-30,11.170000076293945,11.529999732971191,11.020000457763672,11.289999961853027,11.177400588989258,8005900,0.6605639239240558,0.016414134858589138
2020-07-01,11.3100004196167,11.510000228881836,11.039999961853027,11.0600004196167,10.949694633483887,7694100,0.6469522341458239,0.016213960209992193
2020-07-02,11.369999885559082,11.880000114440918,11.329999923706055,11.460000038146973,11.345705032348633,7614400,0.6593127670514235,0.015938715402535577
2020-07-06,11.75,11.8100004196167,11.229999542236328,11.380000114440918,11.266502380371094,8124100,0.6536476320749197,0.015204888229247591
2020-07-07,11.229999542236328,11.369999885559082,11.100000381469727,11.149999618530273,11.038796424865723,6344600,0.6269584964246534,0.016025191616463215
2020-07-08,11.149999618530273,11.40999984741211,10.9399995803833,11.369999885559082,11.25660228729248,6190600,0.6157471943249503,0.015681342365266065
2020-07-09,11.329999923706055,11.369999885559082,10.720000267028809,10.770000457763672,10.66258716583252,8225600,0.6181937960539019,0.014736003748386461
2020-07-10,10.859999656677246,11.449999809265137,10.850000381469727,11.430000305175781,11.316003799438477,5833100,0.6226084785858708,0.013998766518642347
2020-07-13,11.479999542236328,11.670000076293945,11.050000190734863,11.460000038146973,11.345705032348633,5627800,0.6224221505125287,0.01301216377254947
2020-07-14,12.479999542236328,12.579999923706055,11.729999542236328,12.550000190734863,12.424834251403809,22496000,0.6579634173015682,0.01462138541658447
2020-07-15,13.25,14.529999732971191,13.170000076293945,14.34000015258789,14.196981430053711,26893100,0.7523945690826225,0.020322083014046605
2020-07-16,14.15999984741211,14.470000267028809,13.949999809265137,14.260000228881836,14.117779731750488,7271300,0.7357949897026975,0.02005618989732363
2020-07-17,14.34000015258789,14.34000015258789,13.90999984741211,14.020000457763672,13.880173683166504,6906500,0.7139525122364893,0.020183781866529676
2020-07-20,14.020000457763672,14.130000114440918,13.6899995803833,13.979999542236328,13.840571403503418,6134900,0.6943845137951412,0.02013979733615956
2020-07-21,14.0,14.270000457763672,13.829999923706055,13.880000114440918,13.741569519042969,5282900,0.6762142295281752,0.01999911783121716
2020-07-22,13.899999618530273,14.220000267028809,13.789999961853027,14.050000190734863,13.909873962402344,5251400,0.6586275206458614,0.019826802906295495
2020-07-23,14.010000228881836,14.34000015258789,13.949999809265137,14.079999923706055,13.939574241638184,5310200,0.6394398651227823,0.019781149521780037
2020-07-24,14.100000381469727,14.289999961853027,13.960000038146973,13.970000267028809,13.830671310424805,5183800,0.6173370121644446,0.019946985481534153
2020-07-27,13.960000038146973,14.220000267028809,13.890000343322754,14.15999984741211,14.018775939941406,5480100,0.5968129344174168,0.019988206357640842
2020-07-28,14.09000015258789,14.460000038146973,14.029999732971191,14.210000038146973,14.068278312683105,5926200,0.5848977466144428,0.019411562175164637
2020-07-29,14.3100004196167,14.760000228881836,14.239999771118164,14.640000343322754,14.493989944458008,6063600,0.5824050640516157,0.018203070774283382
2020-07-30,15.050000190734863,15.600000381469727,14.010000228881836,14.260000228881836,14.117779731750488,16741300,0.6543761418042068,0.022043642701305356
2020-07-31,14.399999618530273,14.5600004196167,13.859999656677246,14.130000114440918,13.989075660705566,19984100,0.6576350433138672,0.02070187547333072
2020-08-03,14.229999542236328,14.520000457763672,14.119999885559082,14.319999694824219,14.177180290222168,8092200,0.639232581091776,0.020537631669670754
2020-08-04,14.300000190734863,14.609999656677246,14.140000343322754,14.260000228881836,14.117779731750488,6068200,0.6271444905391129,0.019934093018455924
2020-08-05,14.350000381469727,14.779999732971191,14.350000381469727,14.739999771118164,14.592991828918457,4792300,0.6194912772212732,0.01905688732555477
2020-08-06,14.789999961853027,14.84000015258789,14.239999771118164,14.270000457763672,14.127679824829102,6645400,0.6180990703818771,0.017795124433686294
2020-08-07,14.270000457763672,15.050000190734863,14.15999984741211,15.039999961853027,14.890000343322754,7000500,0.6375205898776539,0.017911295509549903
2020-08-10,15.0,16.020000457763672,14.930000305175781,15.779999732971191,15.779999732971191,10472000,0.6698405586426708,0.01894048645636897
2020-08-11,16.559999465942383,16.760000228881836,15.90999984741211,15.949999809265137,15.949999809265137,6786600,0.6919948398760976,0.019170043226158815
2020-08-12,16.1200008392334,16.18000030517578,15.640000343322754,15.970000267028809,15.970000267028809,5509400,0.6811380628744497,0.01857623849583661
