Date,Open,High,Low,Close,Adj Close,Volume,ATR,ATR_2
2018-12-31,7.639999866485596,7.860000133514404,7.150000095367432,7.489999771118164,7.489999771118164,213400,0.0,0.0
2019-01-02,7.380000114440918,8.220000267028809,7.380000114440918,8.039999961853027,8.039999961853027,104500,0.0,0.0
2019-01-03,8.010000228881836,8.180000305175781,7.789999961853027,7.929999828338623,7.929999828338623,122400,0.0,0.0
2019-01-04,7.980000019073486,8.5,7.889999866485596,8.420000076293945,8.420000076293945,139300,0.0,0.0
2019-01-07,8.220000267028809,8.670000076293945,8.220000267028809,8.369999885559082,8.369999885559082,75400,0.0,0.0
2019-01-08,8.479999542236328,8.550000190734863,8.140000343322754,8.430000305175781,8.430000305175781,120400,0.0,0.0
2019-01-09,8.5,8.789999961853027,8.420999526977539,8.640000343322754,8.640000343322754,103800,0.0,0.0
2019-01-10,8.482999801635742,8.720000267028809,8.380000114440918,8.5600004196167,8.5600004196167,57800,0.0,0.0
2019-01-11,8.489999771118164,8.619999885559082,8.279999732971191,8.510000228881836,8.510000228881836,57500,0.0,0.0
2019-01-14,8.479999542236328,8.59000015258789,8.270000457763672,8.300000190734863,8.300000190734863,39600,0.0,0.0
2019-01-15,8.350000381469727,8.847999572753906,8.199999809265137,8.6899995803833,8.6899995803833,72000,0.0,0.0
2019-01-16,8.6899995803833,9.130000114440918,8.609999656677246,9.09000015258789,9.09000015258789,89800,0.0,0.0
2019-01-17,9.079999923706055,9.170000076293945,8.920000076293945,8.960000038146973,8.960000038146973,74100,0.0,0.0
2019-01-18,8.960000038146973,9.104999542236328,8.720000267028809,8.920000076293945,8.920000076293945,99100,0.47014287539890837,0.033581633957064885
2019-01-22,8.850000381469727,8.958000183105469,8.489999771118164,8.739999771118164,8.739999771118164,97100,0.46998984229807955,0.031193876753048022
2019-01-23,8.680000305175781,8.899999618530273,8.420000076293945,8.489999771118164,8.489999771118164,56000,0.4707048208650973,0.029016812596903002
2019-01-24,8.479999542236328,8.569999694824219,8.270000457763672,8.350000381469727,8.350000381469727,26500,0.458511564879058,0.027815129981841314
2019-01-25,8.562000274658203,8.694999694824219,8.324999809265137,8.5600004196167,8.5600004196167,33000,0.4521893020704883,0.026279925183750486
2019-01-28,8.460000038146973,8.75,8.321000099182129,8.510000228881836,8.510000228881836,46400,0.4505329162667299,0.02452110094232248
2019-01-29,8.529999732971191,8.729999542236328,8.300000190734863,8.699999809265137,8.699999809265137,40600,0.44906623306921095,0.022874356817693658
2019-01-30,8.75,9.15999984741211,8.609999656677246,9.0,9.0,112800,0.4562758014739004,0.02175544335962193
2019-01-31,9.0,9.289999961853027,9.0,9.140000343322754,9.140000343322754,56700,0.4443989557866952,0.021049829240163593
2019-02-01,9.130000114440918,9.329999923706055,9.010000228881836,9.180000305175781,9.180000305175781,71000,0.43551329428937546,0.020180960115674745
2019-02-04,9.069999694824219,9.413000106811523,9.069999694824219,9.15999984741211,9.15999984741211,34900,0.428905231267799,0.019211467466096293
2019-02-05,9.314000129699707,9.449999809265137,9.270000457763672,9.399999618530273,9.399999618530273,43200,0.418983426309601,0.018547920144103558
2019-02-06,8.09000015258789,8.15999984741211,7.199999809265137,7.599999904632568,7.599999904632568,1867400,0.5461988822349964,0.0263098869856244
2019-02-07,7.510000228881836,7.960000038146973,7.5,7.829999923706055,7.829999923706055,308300,0.5400418219429947,0.02487039936465135
2019-02-08,7.849999904632568,8.0,7.739999771118164,7.829999923706055,7.829999923706055,209000,0.5200388510100548,0.024522725905243386
2019-02-11,7.920000076293945,8.010000228881836,7.769999980926514,7.800000190734863,7.800000190734863,164800,0.5000360936490024,0.024199871009229743
2019-02-12,7.809999942779541,7.849999904632568,7.520999908447266,7.659999847412109,7.659999847412109,100300,0.4878192295444524,0.02334394194460976
2019-02-13,7.71999979019165,7.929999828338623,7.5,7.900000095367432,7.900000095367432,552200,0.48368927231546455,0.02197151446492248
2019-02-14,7.789999961853027,8.300000190734863,7.789999961853027,8.15999984741211,8.15999984741211,295500,0.4855686263559197,0.0205363601488891
2019-02-15,8.1899995803833,8.449999809265137,8.029999732971191,8.350000381469727,8.350000381469727,309200,0.48088515849435004,0.019404010699794853
2019-02-19,8.300000190734863,8.420000076293945,8.0,8.170000076293945,8.170000076293945,144200,0.47653622405146395,0.018328648110015656
2019-02-20,8.199999809265137,8.210000038146973,7.909999847412109,8.1899995803833,8.1899995803833,220300,0.4639265073859925,0.017920153006833923
2019-02-21,8.149999618530273,8.15999984741211,7.940000057220459,8.0600004196167,8.0600004196167,138900,0.4486460085129103,0.017731606282994514
2019-02-22,8.09000015258789,8.319999694824219,7.900000095367432,8.25,8.25,130000,0.446599836437473,0.01661121812531186
2019-02-25,8.300000190734863,8.670000076293945,8.210000038146973,8.529999732971191,8.529999732971191,213900,0.44755699370243723,0.015493070921001316
2019-02-26,8.520000457763672,8.520000457763672,8.164999961853027,8.34000015258789,8.34000015258789,76500,0.441660049232132,0.014807633317380168
2019-02-27,8.34000015258789,8.5,8.039999961853027,8.350000381469727,8.350000381469727,74000,0.4429700484403349,0.013843516595296078
2019-02-28,8.359999656677246,8.489999771118164,8.100000381469727,8.359999656677246,8.359999656677246,76500,0.43918642995519935,0.013124952444570324
2019-03-01,8.329999923706055,8.645000457763672,8.329999923706055,8.59000015258789,8.59000015258789,52300,0.43031600881965776,0.012821057351068272
2019-03-04,8.65999984741211,8.713000297546387,8.430000305175781,8.5,8.5,233400,0.41979343621615406,0.012656879869099373
2019-03-05,8.5,8.569999694824219,8.260000228881836,8.449999809265137,8.449999809265137,136100,0.4119510097680275,0.012312990339029885
2019-03-06,8.399999618530273,8.399999618530273,7.960000038146973,8.0600004196167,8.0600004196167,147900,0.4175259212930373,0.011831698995171306
2019-03-07,8.050000190734863,8.239999771118164,8.020000457763672,8.199999809265137,8.199999809265137,89500,0.4034168778688555,0.01199436645438634
2019-03-08,8.15999984741211,8.289999961853027,7.860000133514404,8.0,8.0,186200,0.4053156600452675,0.011273253291673887
2019-03-11,8.039999961853027,8.300000190734863,7.670000076293945,8.229999542236328,8.229999542236328,124700,0.4213645496449568,0.011614370170817845
2019-03-12,8.220000267028809,8.40999984741211,8.050000190734863,8.3100004196167,8.3100004196167,325500,0.41698134300440604,0.01109785849008448
2019-03-13,8.390000343322754,8.479000091552734,8.1899995803833,8.369999885559082,8.369999885559082,142300,0.40783985501619374,0.010958117739950753
2019-03-14,8.390000343322754,8.4350004196167,8.279999732971191,8.3100004196167,8.3100004196167,191600,0.38977991441828763,0.011465390801233278
2019-03-15,8.3100004196167,8.414999961853027,8.0,8.0,8.0,305000,0.3915813463779119,0.010775108026832637
2019-03-18,8.0600004196167,8.430000305175781,7.991000175476074,8.199999809265137,8.199999809265137,179500,0.3949684023294687,0.010247390021455792
2019-03-19,8.199999809265137,8.300000190734863,8.050000190734863,8.25,8.25,103200,0.3846135164487924,0.010255068297114403
2019-03-20,8.25,8.270000457763672,8.0,8.09000015258789,8.09000015258789,172700,0.3764268693998552,0.010107323922244602
2019-03-21,8.149999618530273,8.260000228881836,8.100000381469727,8.180000305175781,8.180000305175781,292300,0.36168209846371874,0.010438570137522593
2019-03-22,8.109999656677246,8.14799976348877,7.730000019073486,7.75,7.75,460200,0.36799054043790275,0.01014356098299841
2019-03-25,7.539999961853027,7.980000019073486,7.53000020980835,7.900000095367432,7.900000095367432,370100,0.37384834535413375,0.00983743554965788
2019-03-26,7.900000095367432,8.010000228881836,7.820000171661377,7.869999885559082,7.869999885559082,84600,0.36071632477315696,0.010072763051894945
2019-03-27,7.869999885559082,7.985000133514404,7.585000038146973,7.880000114440918,7.880000114440918,430900,0.36352230838703375,0.009553707377750792
2019-03-28,7.840000152587891,8.020000457763672,7.829999923706055,7.949999809265137,7.949999809265137,186000,0.35112789593493254,0.009756614883061537
2019-03-29,8.0,8.079999923706055,7.889999866485596,8.050000190734863,8.050000190734863,499500,0.33961876459818446,0.009881794629753433
2019-04-01,8.0,8.180000305175781,7.650000095367432,8.0,8.0,259900,0.35321743925605337,0.010147286060333108
2019-04-02,8.039999961853027,8.270000457763672,7.929999828338623,8.199999809265137,8.199999809265137,1130400,0.35227338141098163,0.009489912616385867
2019-04-03,8.3100004196167,8.5600004196167,8.265000343322754,8.510000228881836,8.510000228881836,261500,0.35282532633530883,0.00885148635266739
2019-04-04,8.5,8.920000076293945,8.5,8.779999732971191,8.779999732971191,263700,0.35762352276092574,0.008561965643592356
2019-04-05,8.779999732971191,8.880000114440918,8.529999732971191,8.770000457763672,8.770000457763672,118600,0.35707901266869724,0.007989290247066367
2019-04-08,8.869999885559082,8.899999618530273,7.420000076293945,8.09000015258789,8.09000015258789,588400,0.43728762192352805,0.013147813033335256
2019-04-09,8.109999656677246,8.170999526977539,7.789999961853027,7.829999923706055,7.829999923706055,223900,0.43326704643788405,0.012495867494214451
2019-04-10,7.849999904632568,7.849999904632568,7.380000114440918,7.400000095367432,7.400000095367432,202500,0.43589081384886735,0.01179071748826937
2019-04-11,7.449999809265137,7.550000190734863,7.210000038146973,7.300000190734863,7.300000190734863,203300,0.4290414809016547,0.01143776144962246
2019-04-12,7.389999866485596,7.449999809265137,7.21999979019165,7.25,7.25,110100,0.4148242336282141,0.01163629615132376
2019-04-15,7.239999771118164,7.369999885559082,6.921000003814697,7.25,7.25,208600,0.41726535135079773,0.010979497692128038
2019-04-16,7.25,7.614999771118164,7.25,7.46999979019165,7.46999979019165,182000,0.4135320956198953,0.010461908980611926
2019-04-17,7.510000228881836,7.510000228881836,7.099999904632568,7.340000152587891,7.340000152587891,144000,0.413279826236279,0.00973264900939795
2019-04-18,7.320000171661377,7.563000202178955,7.21999979019165,7.369999885559082,7.369999885559082,189900,0.408259868075638,0.00939602823448674
2019-04-22,7.429999828338623,7.449999809265137,7.130000114440918,7.309999942779541,7.309999942779541,69400,0.401955569986251,0.009175190366979617
2019-04-23,7.329999923706055,7.510000228881836,7.239999771118164,7.429999828338623,7.429999828338623,429300,0.39253020482749534,0.009193059994963618
2019-04-24,7.440000057220459,7.559999942779541,7.320000171661377,7.400000095367432,7.400000095367432,63000,0.3816351738482574,0.009314629350983214
2019-04-25,7.380000114440918,7.440000057220459,7.190000057220459,7.329999923706055,7.329999923706055,93500,0.37223266143052475,0.009320906712893888
2019-04-26,7.289999961853027,7.389999866485596,7.083000183105469,7.210000038146973,7.210000038146973,59400,0.3675731629983535,0.008987948978556556
2019-04-29,7.199999809265137,7.28000020980835,7.0,7.010000228881836,7.010000228881836,90600,0.36131795205621037,0.008792753404527027
2019-04-30,7.0,7.079999923706055,6.6539998054504395,6.849999904632568,6.849999904632568,142700,0.36593810678473926,0.00849471064195573
2019-05-01,6.840000152587891,7.0,6.639999866485596,6.659999847412109,6.659999847412109,95400,0.3655139658368582,0.007918241378093254
2019-05-02,6.619999885559082,6.78000020980835,6.449999809265137,6.71999979019165,6.71999979019165,94600,0.36297728260159784,0.007533844367890904
2019-05-03,6.760000228881836,7.039999961853027,6.760000228881836,6.960000038146973,6.960000038146973,76100,0.35990748896301067,0.007214983601512065
2019-05-06,6.820000171661377,7.070000171661377,6.808000087738037,7.0,7.0,39600,0.35291410288874847,0.007199155206708503
2019-05-07,6.929999828338623,7.0,6.679999828338623,6.78000020980835,6.78000020980835,91100,0.3505631078010791,0.006852858055348567
2019-05-08,6.800000190734863,6.889999866485596,6.710000038146973,6.869999885559082,6.869999885559082,55900,0.33838001641090365,0.0072335890078362
2019-05-09,6.809999942779541,6.829999923706055,6.650000095367432,6.800000190734863,6.800000190734863,54700,0.3299242859666713,0.0073208848247216405
2019-05-10,6.710000038146973,6.949999809265137,6.626999855041504,6.849999904632568,6.849999904632568,77300,0.32942969084216855,0.006833292703277432
2019-05-13,6.75,6.75,6.480000019073486,6.559999942779541,6.559999942779541,65300,0.33232756189337664,0.006552191156701051
2019-05-14,6.650000095367432,6.840000152587891,6.420000076293945,6.809999942779541,6.809999942779541,73300,0.33858988435056014,0.006531486249592655
2019-05-15,6.75,6.920000076293945,6.519999980926514,6.829999923706055,6.829999923706055,71000,0.34297632799462235,0.0063782689206261945
2019-05-16,6.909999847412109,6.949999809265137,6.730000019073486,6.869999885559082,6.869999885559082,56900,0.3341922895801243,0.006550109598759899
2019-05-17,6.820000171661377,6.875,6.420000076293945,6.480000019073486,6.480000019073486,91500,0.342821406303405,0.006698610107654242
2019-05-20,6.639999866485596,6.760000228881836,6.36299991607666,6.5,6.5,135200,0.34669132819638865,0.006496560949463485
2019-05-21,6.75,7.0,6.5,6.920000076293945,6.920000076293945,168100,0.3576419476109323,0.0068147079826834985
2019-05-22,6.880000114440918,7.079999923706055,6.659999847412109,6.849999904632568,6.849999904632568,66300,0.36209609965971895,0.006646096844548008
2019-05-23,6.900000095367432,6.900000095367432,6.650000095367432,6.769999980926514,6.769999980926514,87000,0.35408923539831044,0.0067432945171809
2019-05-24,6.789999961853027,6.869999885559082,6.610000133514404,6.820000171661377,6.820000171661377,79300,0.3473685580159081,0.00674167900755386
2019-05-28,6.769999980926514,6.900000095367432,6.730000019073486,6.829999923706055,6.829999923706055,92300,0.3346993807500536,0.007165071740289618
2019-05-29,6.71999979019165,6.800000190734863,6.329999923706055,6.389999866485596,6.389999866485596,174200,0.3465065678393355,0.007496651408074778
2019-05-30,6.449999809265137,6.599999904632568,6.429999828338623,6.519999980926514,6.519999980926514,186900,0.3367561014327381,0.007657638193683535
2019-05-31,6.429999828338623,6.525000095367432,6.151000022888184,6.239999771118164,6.239999771118164,152700,0.3394163850789174,0.007300684297433233
2019-06-03,6.230000019073486,6.484000205993652,6.045000076293945,6.260000228881836,6.260000228881836,104000,0.3465295096946881,0.00728728717731448
2019-06-04,6.400000095367432,6.519999980926514,6.21999979019165,6.480000019073486,6.480000019073486,67800,0.3432059869118435,0.007004161149138059
2019-06-05,6.5,6.650000095367432,6.369999885559082,6.559999942779541,6.559999942779541,135500,0.33869128854730823,0.006826342378809289
2019-06-06,6.53000020980835,6.570000171661377,6.360000133514404,6.389999866485596,6.389999866485596,85600,0.3294990563758557,0.0069953345068552355
2019-06-07,6.409999847412109,6.420000076293945,6.309999942779541,6.329999923706055,6.329999923706055,72800,0.313820561885752,0.007615560219944409
2019-06-10,6.340000152587891,6.400000095367432,6.210000038146973,6.230000019073486,6.230000019073486,272200,0.3049762401239454,0.0077033289015059955
2019-06-11,6.260000228881836,6.320000171661377,5.989999771118164,6.119999885559082,6.119999885559082,156200,0.30676368015389305,0.007280765410680398
2019-06-12,6.110000133514404,6.239999771118164,6.039999961853027,6.099999904632568,6.099999904632568,160900,0.2991376893761247,0.007305424365472393
2019-06-13,6.130000114440918,6.230000019073486,6.079999923706055,6.150000095367432,6.150000095367432,212800,0.2884850040897895,0.00754451443124831
2019-06-14,6.150000095367432,6.315000057220459,6.150000095367432,6.179999828338623,6.179999828338623,127200,0.2796646439300208,0.007635646268999769
2019-06-17,6.28000020980835,6.400000095367432,6.269999980926514,6.349999904632568,6.349999904632568,285400,0.27540290272279133,0.007394653050301889
2019-06-18,6.380000114440918,6.610000133514404,6.380000114440918,6.480000019073486,6.480000019073486,143600,0.27430271173415166,0.006945048617326016
2019-06-19,6.480000019073486,6.570000171661377,6.369999885559082,6.559999942779541,6.559999942779541,221300,0.26899539561759045,0.006828067724414245
2019-06-20,6.599999904632568,6.739999771118164,6.599999904632568,6.599999904632568,6.599999904632568,205100,0.2626385693833785,0.006794407617971225
2019-06-21,6.559999942779541,6.590000152587891,6.460000038146973,6.510000228881836,6.510000228881836,147300,0.2538786620335369,0.0069348004559619675
2019-06-24,6.510000228881836,6.570000171661377,6.300000190734863,6.360000133514404,6.360000133514404,199000,0.25503018481160666,0.006521709193255384
2019-06-25,6.369999885559082,6.480000019073486,6.284999847412109,6.300000190734863,6.300000190734863,139300,0.2507423267294474,0.00636214839960566
2019-06-26,6.349999904632568,6.389999866485596,6.199999809265137,6.269999980926514,6.269999980926514,121000,0.24640359319309107,0.006217618766516422
2019-06-27,6.260000228881836,6.519999980926514,6.260000228881836,6.409999847412109,6.409999847412109,337700,0.24737474739677584,0.005842871297742732
2019-06-28,6.480000019073486,6.988999843597412,6.480000019073486,6.849999904632568,6.849999904632568,1569300,0.2710622651673849,0.00711748890294747
2019-07-01,6.900000095367432,6.949999809265137,6.789999961853027,6.840000152587891,6.840000152587891,84400,0.26312923532772237,0.007175741826998546
2019-07-02,6.840000152587891,6.840000152587891,6.46999979019165,6.710000038146973,6.710000038146973,224700,0.2707628872611879,0.0072084496917461886
2019-07-03,6.769999980926514,6.769999980926514,6.599999904632568,6.599999904632568,6.599999904632568,44100,0.2635655436206706,0.007207656402372698
2019-07-05,6.579999923706055,6.699999809265137,6.510000228881836,6.579999923706055,6.579999923706055,43600,0.25831083196085847,0.007068160349332657
2019-07-08,6.550000190734863,6.630000114440918,6.349999904632568,6.480000019073486,6.480000019073486,259900,0.2598600732356792,0.006673951844010379
2019-07-09,6.460000038146973,6.590000152587891,6.409999847412109,6.570000171661377,6.570000171661377,204800,0.25415580408854366,0.006604688794233607
2019-07-10,6.599999904632568,6.619999885559082,6.449999809265137,6.53000020980835,6.53000020980835,57700,0.24814468067464376,0.006562291267066913
2019-07-11,6.559999942779541,6.559999942779541,6.380000114440918,6.420000076293945,6.420000076293945,103400,0.24327719122207084,0.006441233994603057
2019-07-12,6.420000076293945,6.75,6.420000076293945,6.690000057220459,6.690000057220459,157300,0.24947167211378396,0.006423608772968062
2019-07-15,6.690000057220459,6.860000133514404,6.610000133514404,6.78000020980835,6.78000020980835,86400,0.24950940981994224,0.005967475125338792
2019-07-16,6.789999961853027,6.900000095367432,6.635000228881836,6.880000114440918,6.880000114440918,114900,0.25061587101034605,0.005620259844272008
2019-07-17,6.860000133514404,7.190000057220459,6.764999866485596,7.150000095367432,7.150000095367432,197900,0.26307189384781154,0.006108528629500115
2019-07-18,7.139999866485596,7.150000095367432,6.880000114440918,7.010000228881836,7.010000228881836,132600,0.263566757210576,0.005707552539018995
2019-07-19,6.949999809265137,7.059999942779541,6.75,7.0,7.0,102900,0.2668834133226449,0.005536774222808276
2019-07-22,7.010000228881836,7.130000114440918,6.940000057220459,6.989999771118164,6.989999771118164,48600,0.26139174502963164,0.005533552370680062
2019-07-23,7.019999980926514,7.019999980926514,6.78000020980835,6.909999847412109,6.909999847412109,82300,0.25986374689309827,0.0052474413539552985
2019-07-24,6.889999866485596,7.170000076293945,6.78000020980835,7.150000095367432,7.150000095367432,125900,0.2691591840068481,0.005536583908226335
2019-07-25,7.179999828338623,8.550000190734863,6.699999809265137,8.550000190734863,8.550000190734863,487800,0.38207641239705364,0.013206629942653423
2019-07-26,8.579999923706055,8.579999923706055,8.210000038146973,8.359999656677246,8.359999656677246,256900,0.3812138033371985,0.012324914165310688
2019-07-29,8.369999885559082,8.470000267028809,8.27299976348877,8.460000038146973,8.460000038146973,101400,0.3680557104945442,0.012384426927978087
2019-07-30,8.380000114440918,9.029999732971191,8.28499984741211,8.979999542236328,8.979999542236328,156600,0.39498029442772553,0.013423009571206889
2019-07-31,9.020000457763672,9.100000381469727,8.770000457763672,8.960000038146973,8.960000038146973,179500,0.39033883937617764,0.012795755676945532
2019-08-01,8.949999809265137,9.09000015258789,8.699999809265137,9.0,9.0,129000,0.39031466108664736,0.011883500149273014
2019-08-02,8.899999618530273,8.960000038146973,8.619999885559082,8.9399995803833,8.9399995803833,127600,0.38957790775480955,0.011087303948027644
2019-08-05,8.720000267028809,8.720000267028809,8.100000381469727,8.140000343322754,8.140000343322754,152900,0.42175085712329274,0.012593421478060184
2019-08-06,8.029999732971191,8.170000076293945,7.619999885559082,7.909999847412109,7.909999847412109,125400,0.4309115238098335,0.012348224707237367
2019-08-07,7.590000152587891,7.96999979019165,7.400000095367432,7.809999942779541,7.809999942779541,166500,0.4408463931680039,0.012175842182304011
2019-08-08,7.797999858856201,7.980000019073486,7.75,7.940000057220459,7.940000057220459,141800,0.42578593787553837,0.012381885975886976
2019-08-09,7.889999866485596,8.079999923706055,7.760000228881836,7.829999923706055,7.829999923706055,52600,0.41822977765758695,0.01203719127889158
2019-08-12,7.78000020980835,8.0,7.627999782562256,7.78000020980835,7.78000020980835,77000,0.41492766621331245,0.01141325700499036
2019-08-13,7.75,8.08899974822998,7.75,7.980000019073486,7.980000019073486,118200,0.4095042435002173,0.010985411698426416
2019-08-14,7.829999923706055,7.980000019073486,7.710000038146973,7.900000095367432,7.900000095367432,79000,0.3995396533163813,0.010912495875955672
2019-08-15,7.900000095367432,8.239999771118164,7.761000156402588,7.789999961853027,7.789999961853027,70700,0.40521536484489523,0.010538439851138405
2019-08-16,7.829999923706055,7.949999809265137,7.7270002365112305,7.900000095367432,7.900000095367432,41200,0.3921999511241103,0.010715366556113156
2019-08-19,7.96999979019165,8.140000343322754,7.75,8.09000015258789,8.09000015258789,42300,0.3920428362811563,0.009961205719458929
2019-08-20,8.020000457763672,8.119999885559082,7.909999847412109,8.050000190734863,8.050000190734863,15900,0.3790397792715718,0.010178480811610758
2019-08-21,8.100000381469727,8.279999732971191,8.039999961853027,8.15999984741211,8.15999984741211,61400,0.36910835011775694,0.010160834264625334
2019-08-22,8.1899995803833,8.25,7.900000095367432,7.949999809265137,7.949999809265137,153200,0.36774346115452916,0.00953255245738265
2019-08-23,7.920000076293945,7.980000019073486,7.309999942779541,7.409999847412109,7.409999847412109,62900,0.38933321937877313,0.010393781440729888
2019-08-26,7.46999979019165,7.730000019073486,7.434000015258789,7.730000019073486,7.730000019073486,40600,0.38438085882753054,0.010005108520052224
2019-08-27,7.809999942779541,7.869999885559082,7.429999828338623,7.5,7.5,45000,0.38835365871273975,0.00957422933184915
2019-08-28,7.550000190734863,7.639999866485596,7.389999866485596,7.550000190734863,7.550000190734863,30800,0.3784712545189726,0.00959624182198615
2019-08-29,7.639999866485596,7.800000190734863,7.449999809265137,7.690000057220459,7.690000057220459,55200,0.37643762072974074,0.009056055533932272
2019-08-30,7.690000057220459,7.849999904632568,7.599999904632568,7.804999828338623,7.804999828338623,39800,0.3674063621061879,0.00905428432604803
2019-09-03,7.75,8.699999809265137,7.539999961853027,7.710000038146973,7.710000038146973,115500,0.42402018248518225,0.012451394044115624
2019-09-04,7.75,7.840000152587891,7.539999961853027,7.820000171661377,7.820000171661377,55900,0.4151616116458738,0.012194763815200826
2019-09-05,7.849999904632568,8.119999885559082,7.570000171661377,8.100000381469727,8.100000381469727,64000,0.4247929046638617,0.012011658758257047
2019-09-06,8.180000305175781,8.25,7.994999885559082,8.010000228881836,8.010000228881836,39600,0.4126648482193657,0.012019972878702686
2019-09-09,8.050000190734863,8.140000343322754,7.809999942779541,8.140000343322754,8.140000343322754,35100,0.40676024481392625,0.0115831607734696
2019-09-10,8.149999618530273,8.539999961853027,7.953999996185303,8.470000267028809,8.470000267028809,58100,0.419563082017769,0.011670280518496251
2019-09-11,8.539999961853027,8.819999694824219,8.420000076293945,8.800000190734863,8.800000190734863,65400,0.41816569176866214,0.010936502642111294
2019-09-12,8.880000114440918,8.960000038146973,8.609999656677246,8.869999885559082,8.869999885559082,78400,0.4132967410330239,0.01050310607736322
2019-09-13,8.960000038146973,8.960000038146973,8.319999694824219,8.5,8.5,96800,0.4294898554822903,0.010909535246784877
2019-09-16,8.399999618530273,8.779999732971191,8.279999732971191,8.720000267028809,8.720000267028809,118400,0.43452629437641244,0.010490028364451825
2019-09-17,8.65999984741211,8.819999694824219,8.510000228881836,8.779999732971191,8.779999732971191,40600,0.4256315209168389,0.010376081585531946
2019-09-18,8.819999694824219,8.819999694824219,8.550000190734863,8.670000076293945,8.670000076293945,43300,0.41451494828630436,0.010428973803032133
2019-09-19,8.6899995803833,8.819999694824219,8.529999732971191,8.539999961853027,8.539999961853027,28100,0.4056210206839274,0.010319327645842478
2019-09-20,8.539999961853027,8.6899995803833,8.279999732971191,8.65999984741211,8.65999984741211,221900,0.4059337940216547,0.009604573766691393
2019-09-23,8.510000228881836,8.84000015258789,8.149999618530273,8.199999809265137,8.199999809265137,98500,0.42622427545279484,0.01036785288558059
2019-09-24,8.515000343322754,8.515000343322754,7.829999923706055,8.020000457763672,8.020000457763672,59400,0.4447082857502166,0.010947578414997815
2019-09-25,8.010000228881836,8.220000267028809,7.886000156402588,8.119999885559082,8.119999885559082,49800,0.43680055895564546,0.01073044615639591
2019-09-26,8.109999656677246,8.204000473022461,7.679999828338623,7.695000171661377,7.695000171661377,33600,0.4430291365076592,0.010408884113225754
2019-09-27,7.710000038146973,7.960000038146973,7.515999794006348,7.639999866485596,7.639999866485596,37500,0.4430985013385853,0.009670347021632924
2019-09-30,7.670000076293945,7.800000190734863,7.409999847412109,7.690000057220459,7.690000057220459,66300,0.439305775766026,0.009250516918127668
2019-10-01,7.659999847412109,7.829999923706055,7.620999813079834,7.650000095367432,7.650000095367432,49100,0.4228553711131827,0.009764794613464495
2019-10-02,7.599999904632568,7.789999961853027,7.369999885559082,7.510000228881836,7.510000228881836,45800,0.4226514214832372,0.009081877114641711
2019-10-03,7.5,7.5,7.230000019073486,7.260000228881836,7.260000228881836,40600,0.41246204922074525,0.009160983910916728
2019-10-04,7.289999961853027,7.400000095367432,7.135000228881836,7.230000019073486,7.230000019073486,28600,0.40192903616823455,0.009258985992459156
2019-10-07,7.199999809265137,7.320000171661377,7.170000076293945,7.289999961853027,7.289999961853027,20800,0.38393411182532006,0.00988298158892025
2019-10-08,7.190000057220459,7.300000190734863,7.050000190734863,7.260000228881836,7.260000228881836,28500,0.37436738955208293,0.009860391637800028
2019-10-09,7.369999885559082,7.409999847412109,7.119999885559082,7.320000171661377,7.320000171661377,41000,0.3683411447164361,0.009586524009074799
2019-10-10,7.380000114440918,7.769999980926514,7.269999980926514,7.599999904632568,7.599999904632568,45700,0.37774534866526205,0.009573501147628453
2019-10-11,7.71999979019165,7.940000057220459,7.710000038146973,7.789999961853027,7.789999961853027,40100,0.3750492632311641,0.00908225716809056
2019-10-14,7.699999809265137,7.840000152587891,7.46999979019165,7.5,7.5,32200,0.374688627457241,0.008459284211364312
2019-10-15,7.53000020980835,7.690000057220459,7.369999885559082,7.599999904632568,7.599999904632568,22700,0.3707823091861079,0.008134072358490656
2019-10-16,7.579999923706055,7.840000152587891,7.579999923706055,7.769999980926514,7.769999980926514,16400,0.36286930345008844,0.008118281885457
2019-10-17,7.9079999923706055,7.988999843597412,7.800000190734863,7.900000095367432,7.900000095367432,31600,0.3525929148230035,0.008272432367001854
2019-10-18,7.809999942779541,7.9029998779296875,7.636000156402588,7.820000171661377,7.820000171661377,35100,0.3464791153018675,0.008118244306582863
2019-10-21,7.949999809265137,8.0,7.650000095367432,7.789999961853027,7.789999961853027,62800,0.3467306002540604,0.007556332924126438
2019-10-22,7.800000190734863,7.860000133514404,7.619999885559082,7.670000076293945,7.670000076293945,19500,0.33910700366129337,0.0075611374718864794
2019-10-23,7.690000057220459,7.690000057220459,7.510000228881836,7.610000133514404,7.610000133514404,21600,0.32774220542395976,0.007832827526561274
2019-10-24,7.690000057220459,7.690000057220459,7.269999980926514,7.300000190734863,7.300000190734863,50000,0.33433205334324445,0.007744043268898661
2019-10-25,7.300000190734863,7.53000020980835,7.239999771118164,7.449999809265137,7.449999809265137,33900,0.33116550943945455,0.00741707902853375
2019-10-28,7.46999979019165,7.760000228881836,7.400000095367432,7.730000019073486,7.730000019073486,30500,0.3332251254448081,0.007034403098306592
2019-10-29,7.690000057220459,8.130000114440918,7.639999866485596,8.039999961853027,8.039999961853027,33700,0.34442334848127343,0.007331818808175073
2019-10-30,8.039999961853027,8.039999961853027,7.71999979019165,7.96999979019165,7.96999979019165,29000,0.34267883585128084,0.006932725509733467
2019-10-31,7.96999979019165,8.029999732971191,7.5,7.610000133514404,7.610000133514404,43900,0.35605889993127443,0.007393249693323475
2019-11-01,7.820000171661377,8.300000190734863,7.789999961853027,8.239999771118164,8.239999771118164,93800,0.37991183973764475,0.008568941844255393
2019-11-04,8.15999984741211,8.34000015258789,7.566999912261963,8.3100004196167,8.3100004196167,23800,0.40798958263680785,0.009962427633891657
2019-11-05,8.390000343322754,8.5,8.1899995803833,8.220000267028809,8.220000267028809,22300,0.4009903567068001,0.00975077036932852
2019-11-06,8.149999618530273,8.149999618530273,7.900000095367432,8.050000190734863,8.050000190734863,18800,0.3952053434892699,0.009467502001342927
2019-11-07,8.149999618530273,8.170000076293945,7.704999923706055,7.869999885559082,7.869999885559082,41200,0.4001906869963142,0.009147347823178739
2019-11-08,7.789999961853027,8.010000228881836,7.639999866485596,7.929999828338623,7.929999828338623,33900,0.39803423523916603,0.008647998104176557
2019-11-11,7.800000190734863,8.119999885559082,7.659999847412109,8.039999961853027,8.039999961853027,27500,0.4024603640182951,0.008346436009530308
2019-11-12,8.069999694824219,8.170000076293945,7.809999942779541,7.960000038146973,7.960000038146973,18600,0.39942749041087433,0.007966895837951056
2019-11-13,7.849999904632568,8.079999923706055,7.829999923706055,7.900000095367432,7.900000095367432,18300,0.38875409823866897,0.008160217004683506
2019-11-14,7.65500020980835,8.100000381469727,7.65500020980835,7.849999904632568,7.849999904632568,34500,0.39277167491171955,0.007864314123852583
2019-11-15,7.929999828338623,8.020000457763672,7.679999828338623,7.829999923706055,7.829999923706055,37500,0.38900231451981454,0.007571817428713471
2019-11-18,7.75,7.75,7.28000020980835,7.409999847412109,7.409999847412109,66700,0.4005021287610924,0.00785238862961093
2019-11-19,7.380000114440918,8.069999694824219,7.380000114440918,8.0,8.0,74500,0.4211805181626787,0.008768531541894883
2019-11-20,7.949999809265137,8.446999549865723,7.949999809265137,8.300000190734863,8.300000190734863,174400,0.42659617690824353,0.008529040627871307
2019-11-21,8.369999885559082,8.4399995803833,8.170000076293945,8.40999984741211,8.40999984741211,43700,0.41541070027832294,0.008718786056589113
2019-11-22,8.5,8.550000190734863,8.260000228881836,8.430000305175781,8.430000305175781,77100,0.40645279039080184,0.008735866330227111
2019-11-25,8.539999961853027,8.630000114440918,8.350000381469727,8.510000228881836,8.510000228881836,74600,0.39742042914654396,0.008757044538372167
2019-11-26,8.239999771118164,8.670000076293945,8.100000381469727,8.479999542236328,8.479999542236328,53100,0.4097475195520922,0.009012047814599031
2019-11-27,8.5600004196167,8.670000076293945,8.40999984741211,8.5,8.5,36400,0.39905128450421673,0.009132346902690205
2019-11-29,8.489999771118164,8.670000076293945,8.425999641418457,8.550000190734863,8.550000190734863,30000,0.3879762238164504,0.009271112173052784
2019-12-02,8.5,8.520000457763672,8.25,8.399999618530273,8.399999618530273,51100,0.38169222145347986,0.009057747186618339
2019-12-03,8.3100004196167,8.399999618530273,8.020000457763672,8.039999961853027,8.039999961853027,66200,0.38157128854727423,0.008419403309446002
2019-12-04,8.100000381469727,8.239999771118164,7.869999885559082,8.0600004196167,8.0600004196167,115100,0.38074475976240335,0.007877055129119208
2019-12-05,8.079999923706055,8.079999923706055,7.699999809265137,7.739999771118164,7.739999771118164,46600,0.38069157081086863,0.007318207545006029
2019-12-06,7.849999904632568,8.069999694824219,7.679999828338623,7.880000114440918,7.880000114440918,115100,0.3813564490733491,0.006842969739111346
2019-12-09,7.860000133514404,8.010000228881836,7.75,7.860000133514404,7.860000133514404,67600,0.37268814763109814,0.0069733505750498885
2019-12-10,7.909999847412109,8.100000381469727,7.900000095367432,8.0,8.0,36200,0.3632104405113999,0.007152233185381914
2019-12-11,8.069999694824219,8.380000114440918,7.860000133514404,7.900000095367432,7.900000095367432,75800,0.3744096933981937,0.007441306021197048
2019-12-12,7.78000020980835,7.989999771118164,7.730000019073486,7.96999979019165,7.96999979019165,66300,0.3662375547300854,0.00749350835311928
2019-12-13,7.980000019073486,8.1899995803833,7.769999980926514,7.820000171661377,7.820000171661377,62400,0.37007770078199265,0.007232553903032706
2019-12-16,7.980000019073486,8.079999923706055,7.880000114440918,8.0,8.0,92300,0.3622149901578987,0.007277565097394223
2019-12-17,8.0,8.095000267028809,7.829999923706055,7.880000114440918,7.880000114440918,33100,0.3552710868125312,0.0072537321151065984
2019-12-18,7.940000057220459,8.03499984741211,7.679999828338623,7.739999771118164,7.739999771118164,59200,0.3552517248311709,0.0067369913912675786
2019-12-19,7.864999771118164,7.900000095367432,7.599999904632568,7.599999904632568,7.599999904632568,68100,0.3513051866814347,0.006537673302586767
2019-12-20,7.590000152587891,7.760000228881836,7.308000087738037,7.349999904632568,7.349999904632568,269600,0.3584976834287464,0.006584446405781405
2019-12-23,7.420000076293945,7.809999942779541,7.21999979019165,7.789999961853027,7.789999961853027,76500,0.375033574082971,0.007295263852098777
2019-12-24,7.809999942779541,8.149999618530273,7.809999942779541,7.920000076293945,7.920000076293945,28400,0.37395972283970497,0.006850877237182152
2019-12-26,7.929999828338623,8.130000114440918,7.75,7.860000133514404,7.860000133514404,25000,0.37439117938264876,0.006392347187593698
2019-12-27,7.820000171661377,8.0,7.690000057220459,7.900000095367432,7.900000095367432,81600,0.3697918053395696,0.00626427767727123
2019-12-30,7.929999828338623,8.0,7.590000152587891,7.659999847412109,7.659999847412109,36300,0.372663808344751,0.006021972343550526
2019-12-31,7.630000114440918,7.769999980926514,7.5,7.639999866485596,7.639999866485596,29600,0.3653306778148769,0.006115626499716496
2020-01-02,7.429999828338623,7.800000190734863,7.329999923706055,7.75,7.75,58100,0.37280707704444344,0.006212824551848644
2020-01-03,7.630000114440918,7.800000190734863,7.53000020980835,7.690000057220459,7.690000057220459,22200,0.36546371303601993,0.00629357737017542
2020-01-06,7.570000171661377,7.764999866485596,7.389999866485596,7.610000133514404,7.610000133514404,33700,0.36614487639058996,0.005892690654775034
2020-01-07,7.550000190734863,7.980000019073486,7.550000190734863,7.869999885559082,7.869999885559082,44200,0.37070594438687804,0.005797574750597395
2020-01-08,7.820000171661377,7.949999809265137,7.710000038146973,7.909999847412109,7.909999847412109,37700,0.36136978915339846,0.006050330499374694
2020-01-09,7.949999809265137,8.010000228881836,7.71999979019165,7.760000228881836,7.760000228881836,35600,0.3562719784060261,0.005982293374231671
2020-01-10,7.71999979019165,7.940000057220459,7.559999942779541,7.639999866485596,7.639999866485596,31200,0.35796684526566125,0.005676048623189063
2020-01-13,7.579999923706055,8.010000228881836,7.429999828338623,7.769999980926514,7.769999980926514,48100,0.3738263849283435,0.006403440840295721
2020-01-14,7.690000057220459,7.880000114440918,7.510000228881836,7.559999942779541,7.559999942779541,28700,0.3735530635448248,0.005965575164811649
2020-01-15,7.559999942779541,7.960000038146973,7.519999980926514,7.570000171661377,7.570000171661377,42900,0.3782992773787987,0.005878477926894666
2020-01-16,7.690000057220459,7.769999980926514,7.630000114440918,7.679999828338623,7.679999828338623,17600,0.3655636010849657,0.006368277810247403
2020-01-17,7.78000020980835,8.0600004196167,7.710000038146973,7.940000057220459,7.940000057220459,102300,0.3665948146701879,0.005987058937031316
2020-01-21,7.949999809265137,7.949999809265137,7.800000190734863,7.840000152587891,7.840000152587891,43200,0.35112372923162255,0.006664489401426604
2020-01-22,7.909999847412109,8.039999961853027,7.75,7.960000038146973,7.960000038146973,84600,0.3467577458474372,0.006500310400195087
2020-01-23,7.900000095367432,8.0,7.599999904632568,7.639999866485596,7.639999866485596,29200,0.3505607708131511,0.006307647154875006
2020-01-24,7.679999828338623,7.679999828338623,7.329999923706055,7.389999866485596,7.389999866485596,48900,0.3505207089431095,0.005859962491672622
2020-01-27,7.289999961853027,7.380000114440918,7.130000114440918,7.164999961853027,7.164999961853027,76300,0.3440549263075073,0.005903235359096164
2020-01-28,7.306000232696533,7.389999866485596,7.193999767303467,7.260000228881836,7.260000228881836,43500,0.33555099618786877,0.006088999270563475
2020-01-29,7.210000038146973,7.559999942779541,6.96999979019165,7.46999979019165,7.46999979019165,81500,0.3537259359307275,0.006952280732870277
2020-01-30,7.360000133514404,7.5,7.050000190734863,7.079999923706055,7.079999923706055,44900,0.36060264116889956,0.006946882483248977
2020-01-31,7.0,7.409999847412109,6.690000057220459,7.260000228881836,7.260000228881836,109000,0.38627386609909603,0.008284335515173798
2020-02-03,7.300000190734863,7.510000228881836,7.070000171661377,7.480000019073486,7.480000019073486,56200,0.3901114511791934,0.007966710484096909
2020-02-04,7.53000020980835,8.100000381469727,7.53000020980835,7.949999809265137,7.949999809265137,78800,0.40653208769469673,0.008570562343483083
2020-02-05,8.140000343322754,8.369999885559082,7.96999979019165,8.3100004196167,8.3100004196167,67200,0.4074940868803573,0.008027093546495761
2020-02-06,8.380000114440918,8.449999809265137,8.130000114440918,8.1899995803833,8.1899995803833,51700,0.401244487447776,0.007900129681216157
2020-02-07,8.069999694824219,8.289999961853027,7.670000076293945,7.829999923706055,7.829999923706055,105000,0.41686987302715506,0.008451933673942076
2020-02-10,7.730000019073486,8.270000457763672,7.730000019073486,8.270000457763672,8.270000457763672,31900,0.42566491343165724,0.008476441297553513
2020-02-11,8.239999771118164,8.359999656677246,8.239999771118164,8.350000381469727,8.350000381469727,28800,0.4038316971550447,0.009430496653200587
2020-02-12,8.4399995803833,8.5,8.404999732971191,8.479999542236328,8.479999542236328,40500,0.38570083439613245,0.010051951375037133
2020-02-13,8.390000343322754,8.5,8.34000015258789,8.359999656677246,8.359999656677246,18400,0.3695793353258451,0.010485490496126435
2020-02-14,8.288000106811523,8.479999542236328,8.109999656677246,8.149999618530273,8.149999618530273,26500,0.36960937462821913,0.009738672553715551
2020-02-18,8.210000038146973,8.25,8.149999618530273,8.1899995803833,8.1899995803833,14700,0.3503515894026125,0.010418609173136343
2020-02-19,8.199999809265137,8.25,8.199999809265137,8.220000267028809,8.220000267028809,30000,0.32961222013219016,0.011155806322942486
2020-02-20,8.15999984741211,8.239999771118164,8.029999732971191,8.069999694824219,8.069999694824219,31700,0.32106849284753175,0.010969229248779338
2020-02-21,8.09000015258789,8.09000015258789,7.710000038146973,7.869999885559082,7.869999885559082,45500,0.3252778943899165,0.010486384412608296
2020-02-24,7.5,7.570000171661377,7.260000228881836,7.420000076293945,7.420000076293945,76100,0.34561516312472573,0.01119001900705122
2020-02-25,7.710000038146973,8.0,7.199999809265137,7.21999979019165,7.21999979019165,49700,0.3780712365254498,0.012709022892313569
2020-02-26,7.429999828338623,7.454999923706055,7.03000020980835,7.369999885559082,7.369999885559082,86000,0.38142327062346804,0.0120406665498639
2020-02-27,7.21999979019165,7.21999979019165,6.829999923706055,6.860000133514404,6.860000133514404,127600,0.3927501771398651,0.011989683690330554
2020-02-28,6.730000019073486,6.914999961853027,6.554999828338623,6.829999923706055,6.829999923706055,115600,0.390410888309475,0.011300369771763378
2020-03-02,6.769999980926514,7.039999961853027,6.760000228881836,6.880000114440918,6.880000114440918,46700,0.3825243772138833,0.0110565227234654
2020-03-03,6.809999942779541,6.869999885559082,6.309999942779541,6.429999828338623,6.429999828338623,86300,0.3959155053887043,0.011223280255705083
2020-03-04,6.559999942779541,7.0,6.550000190734863,6.980000019073486,6.980000019073486,48200,0.4083501244081809,0.011309804453117337
2020-03-05,6.730000019073486,7.0,6.429999828338623,6.559999942779541,6.559999942779541,54900,0.4198965563548378,0.01132670641694159
2020-03-06,6.289999961853027,6.599999904632568,6.079999923706055,6.309999942779541,6.309999942779541,59300,0.42704680096710035,0.011028387716607371
2020-03-09,6.010000228881836,6.289999961853027,5.929999828338623,6.130000114440918,6.130000114440918,63700,0.4236863233580873,0.010480679851779204
2020-03-10,6.340000152587891,6.440000057220459,5.809999942779541,5.980000019073486,5.980000019073486,80700,0.43842302272114664,0.01078468124544207
2020-03-11,5.789999961853027,5.829999923706055,5.320000171661377,5.380000114440918,5.380000114440918,68900,0.4542499387705011,0.011144840874292957
2020-03-12,5.010000228881836,5.190000057220459,4.400000095367432,4.460000038146973,4.460000038146973,111600,0.49180351593500005,0.013031179180736239
2020-03-13,4.599999904632568,4.829999923706055,4.400000095367432,4.800000190734863,4.800000190734863,133600,0.48738896682097316,0.012415705604542715
2020-03-16,4.400000095367432,5.25,3.5,3.509999990463257,3.509999990463257,155000,0.5775754691909036,0.01797076251635613
2020-03-17,3.619999885559082,4.53000020980835,3.619999885559082,4.53000020980835,4.53000020980835,130400,0.60917723705906,0.018944405755770437
2020-03-18,4.170000076293945,4.420000076293945,3.609999895095825,3.809999942779541,3.809999942779541,90100,0.6313788854628789,0.019177065944916756
2020-03-19,4.0,4.349999904632568,3.7100000381469727,4.320000171661377,4.320000171661377,90100,0.6319946698216443,0.017851260117334518
2020-03-20,4.360000133514404,4.579999923706055,3.880000114440918,3.990000009536743,3.990000009536743,105600,0.6368521797818938,0.016923135106114158
2020-03-23,3.9600000381469727,4.255000114440918,3.700000047683716,4.170000076293945,4.170000076293945,51700,0.6310056002801302,0.01613195256294626
2020-03-24,4.21999979019165,4.429999828338623,4.025000095367432,4.329999923706055,4.329999923706055,92500,0.6148623240437774,0.016132761396761015
2020-03-25,4.329999923706055,4.810999870300293,3.9800000190734863,4.710000038146973,4.710000038146973,75800,0.6303007188425652,0.016083163782620074
2020-03-26,4.739999771118164,5.210000038146973,4.739999771118164,5.199999809265137,5.199999809265137,90400,0.6209935246395248,0.01559916595550724
2020-03-27,4.829999923706055,4.929999828338623,4.599999904632568,4.71999979019165,4.71999979019165,42100,0.6194939803533136,0.014592050121986097
2020-03-30,4.769999980926514,4.769999980926514,4.46999979019165,4.679999828338623,4.679999828338623,49400,0.5966729953805672,0.015179831182754693
2020-03-31,4.690000057220459,4.78000020980835,4.494999885559082,4.659999847412109,4.659999847412109,56300,0.5744106617283314,0.01568572421628905
2020-04-01,4.489999771118164,4.690000057220459,4.309999942779541,4.369999885559082,4.369999885559082,57400,0.5605241940649448,0.015557205891081735
2020-04-02,4.329999923706055,4.75,4.070000171661377,4.349999904632568,4.349999904632568,82500,0.5690581679416361,0.01505554646148242
2020-04-03,4.239999771118164,4.289999961853027,4.0,4.010000228881836,4.010000228881836,76500,0.5534111491338456,0.015097794486218712
2020-04-06,4.230000019073486,4.909999847412109,4.230000019073486,4.860000133514404,4.860000133514404,96900,0.5781674683764475,0.015787689111674656
2020-04-07,4.949999809265137,5.079999923706055,4.5,4.849999904632568,4.849999904632568,66700,0.578298358042848,0.014669346294155075
2020-04-08,5.050000190734863,5.429999828338623,4.949999809265137,5.210000038146973,5.210000038146973,98400,0.5784198984473627,0.013630217302037907
2020-04-09,5.46999979019165,5.690000057220459,5.059999942779541,5.440000057220459,5.440000057220459,118400,0.5821041995897597,0.01291979471920641
2020-04-13,5.5,5.940000057220459,5.373000144958496,5.800000190734863,5.800000190734863,59200,0.5810253219234884,0.01207401492971104
2020-04-14,5.96999979019165,6.190000057220459,5.550000190734863,6.150000095367432,6.150000095367432,108400,0.5852377893922104,0.011512475825354676
2020-04-15,5.920000076293945,5.941999912261963,5.46999979019165,5.480000019073486,5.480000019073486,70600,0.5920065405196083,0.011173638346929195
2020-04-16,5.28000020980835,5.380000114440918,4.909999847412109,5.360000133514404,5.360000133514404,89000,0.5904346570297346,0.010487798714282374
2020-04-17,5.409999847412109,5.744999885559082,5.179999828338623,5.659999847412109,5.659999847412109,59100,0.5886178999005006,0.009868438601064634
2020-04-20,5.579999923706055,5.820000171661377,5.25,5.289999961853027,5.289999961853027,43500,0.5872880621691347,0.009258538538943302
2020-04-21,5.099999904632568,5.559999942779541,5.099999904632568,5.449999809265137,5.449999809265137,55800,0.5781960604532659,0.009246643051580834
2020-04-22,5.639999866485596,5.739999771118164,5.449999809265137,5.605000019073486,5.605000019073486,28800,0.5576106248389631,0.010056556806060974
2020-04-23,5.599999904632568,5.940000057220459,5.429999828338623,5.519999980926514,5.519999980926514,47100,0.5542098822705969,0.00958114150336849
2020-04-24,5.5,5.789999961853027,5.36299991607666,5.670000076293945,5.670000076293945,60500,0.5451234653781519,0.009545804031159665
2020-04-27,5.710000038146973,5.888000011444092,5.519999980926514,5.550000190734863,5.550000190734863,69300,0.5324717914595395,0.009767651880263434
2020-04-28,6.5,7.670000076293945,6.260000228881836,7.105000019073486,7.105000019073486,2799000,0.6458666553237925,0.017169595593405546
2020-04-29,6.670000076293945,7.769999980926514,6.599999904632568,7.559999942779541,7.559999942779541,369200,0.6833047568216605,0.01861734601515286
2020-04-30,7.210000038146973,7.849999904632568,6.619999885559082,7.769999980926514,7.769999980926514,234600,0.7223544184110766,0.02007679712760024
2020-05-01,7.519999980926514,7.96999979019165,6.849999904632568,7.5,7.5,285400,0.7507576660645056,0.02067154359373086
2020-05-04,7.909999847412109,8.100000381469727,7.630000114440918,8.0,8.0,249600,0.7399892885934499,0.019964174584968346
2020-05-05,8.149999618530273,8.5600004196167,8.020000457763672,8.100000381469727,8.100000381469727,227700,0.7271329408093964,0.019456472670617286
2020-05-06,8.130000114440918,8.15999984741211,7.409999847412109,7.460000038146973,7.460000038146973,172700,0.7287663021801538,0.018183393292055868
2020-05-07,7.760000228881836,8.050000190734863,7.449999809265137,7.869999885559082,7.869999885559082,310500,0.7195687364151233,0.01754154846869691
2020-05-08,8.109999656677246,8.720000267028809,7.980000019073486,8.25,8.25,227100,0.7288852824904521,0.01695404829774205
2020-05-11,8.260000228881836,8.630000114440918,8.079999923706055,8.1899995803833,8.1899995803833,185700,0.7161077759364814,0.016655723887472666
2020-05-12,8.220000267028809,8.220000267028809,7.014999866485596,7.125,7.125,321000,0.7510286776941051,0.017960379449626307
2020-05-13,7.090000152587891,7.21999979019165,6.659999847412109,6.75,6.75,246300,0.7373837680573505,0.017652131605849754
2020-05-14,6.610000133514404,6.840000152587891,6.199999809265137,6.710000038146973,6.710000038146973,205600,0.7304278091477364,0.01688811927040435
2020-05-15,6.670000076293945,7.260000228881836,6.519999980926514,7.119999885559082,7.119999885559082,167700,0.7311115547768496,0.015730664010312125
2020-05-18,7.420000076293945,7.840000152587891,7.420000076293945,7.670000076293945,7.670000076293945,292600,0.7303178913662752,0.014663735396045144
2020-05-19,7.739999771118164,8.4399995803833,7.710000038146973,8.270000457763672,8.270000457763672,391700,0.7331522922750667,0.013818782932669884
2020-05-20,8.420000076293945,8.545000076293945,8.1899995803833,8.529999732971191,8.529999732971191,138300,0.706141449677608,0.014761072908726233
2020-05-21,8.489999771118164,8.789999961853027,8.369999885559082,8.640000343322754,8.640000343322754,155600,0.6857027801502035,0.015166615524346108
2020-05-22,8.699999809265137,9.020000457763672,8.579999923706055,8.890000343322754,8.890000343322754,147600,0.6681526197150187,0.015336868732263155
2020-05-26,9.199999809265137,9.289999961853027,8.720000267028809,9.0600004196167,9.0600004196167,378000,0.661141696508533,0.014742158337564763
2020-05-27,9.239999771118164,9.380000114440918,8.770000457763672,9.039999961853027,9.039999961853027,263300,0.6574886936634411,0.013950075802388134
2020-05-28,9.0600004196167,9.199999809265137,8.850000381469727,8.899999618530273,8.899999618530273,173000,0.6355251746728675,0.014522464601544239
2020-05-29,8.890000343322754,9.020000457763672,8.479999542236328,8.8100004196167,8.8100004196167,143800,0.62870201330533,0.013972514370543756
2020-06-01,8.770000457763672,9.109999656677246,8.510000228881836,8.930000305175781,8.930000305175781,208800,0.6266518286260501,0.013120919392596343
2020-06-02,9.010000228881836,9.109999656677246,8.869999885559082,9.039999961853027,9.039999961853027,134700,0.5990338245183439,0.014156425443675619
2020-06-03,9.15999984741211,9.239999771118164,9.0,9.15999984741211,9.15999984741211,441500,0.5733885349897596,0.014977058592597665
2020-06-04,9.140000343322754,9.265000343322754,9.010000228881836,9.180000305175781,9.180000305175781,231100,0.5506465049505567,0.015531699410212329
2020-06-05,9.399999618530273,9.729999542236328,9.109999656677246,9.25,9.25,227500,0.5556003178511656,0.0147761360880978
2020-06-08,9.449999809265137,9.449999809265137,8.75,8.890000343322754,8.890000343322754,130500,0.5659145672378778,0.014457429895141687
2020-06-09,8.760000228881836,8.920000076293945,8.6899995803833,8.739999771118164,8.739999771118164,201400,0.5419207050002183,0.015138603633892963
2020-06-10,8.779999732971191,8.890000343322754,8.369999885559082,8.479999542236328,8.479999542236328,168700,0.5403549730547507,0.014169112799005438
2020-06-11,8.210000038146973,8.569999694824219,7.5,7.590000152587891,7.590000152587891,288500,0.5781867388954269,0.015859302301981924
2020-06-12,7.820000171661377,8.399999618530273,7.820000171661377,8.390000343322754,8.390000343322754,270300,0.5947447908273524,0.015909212989835036
2020-06-15,8.130000114440918,9.020000457763672,7.639999866485596,8.920000076293945,8.920000076293945,300300,0.650834490859547,0.018779247778575005
2020-06-16,9.170000076293945,9.300000190734863,8.720000267028809,9.260000228881836,9.260000228881836,372100,0.6457748789200118,0.01779927379007216
2020-06-17,9.260000228881836,9.449999809265137,8.914999961853027,8.9399995803833,8.9399995803833,250000,0.6378623766694475,0.017093075822964463
2020-06-18,8.84000015258789,9.270000457763672,8.819999694824219,9.069999694824219,9.069999694824219,251700,0.6244436899744479,0.016830619456681257
2020-06-19,9.1899995803833,10.920000076293945,9.085000038146973,10.5,10.5,1640900,0.711983453652682,0.021881272615363604
2020-06-22,10.600000381469727,11.069999694824219,10.0,11.03499984741211,11.03499984741211,511900,0.7375560423077917,0.02214493804677404
2020-06-23,11.25,11.380000114440918,9.720000267028809,9.779999732971191,9.779999732971191,324000,0.8034448855295286,0.02526950270212853
2020-06-24,9.819999694824219,10.149999618530273,9.239999771118164,9.359999656677246,9.359999656677246,342000,0.8110559542354273,0.02400818598811211
2020-06-25,9.170000076293945,10.380000114440918,9.145000457763672,9.84000015258789,9.84000015258789,357800,0.8413376472669858,0.024456293634072566
2020-06-26,9.579999923706055,9.789999961853027,8.899999618530273,9.210000038146973,9.210000038146973,2741600,0.8483849963234594,0.0232127975928155
2020-06-29,9.109999656677246,9.899999618530273,8.960000038146973,9.15999984741211,9.15999984741211,225000,0.8549288951848767,0.022022161969144194
2020-06-30,9.100000381469727,9.430000305175781,9.0600004196167,9.25,9.25,303100,0.8202911087830342,0.02292327800005121
2020-07-01,9.300000190734863,9.949999809265137,9.15999984741211,9.329999923706055,9.329999923706055,198500,0.8181274554308909,0.021440447668057788
2020-07-02,9.520000457763672,9.550000190734863,8.930000305175781,9.0600004196167,9.0600004196167,117100,0.8039754861543331,0.020919842068664932
2020-07-06,9.329999923706055,9.329999923706055,8.800000190734863,8.859999656677246,8.859999656677246,344700,0.7844057894983943,0.020823403110613065
2020-07-07,8.760000228881836,9.180000305175781,8.630000114440918,9.100000381469727,9.100000381469727,189900,0.7676625324438564,0.020531964106607698
2020-07-08,9.079999923706055,9.220000267028809,8.75,9.1899995803833,9.1899995803833,202200,0.7464009420570673,0.0205840802694778
2020-07-09,9.15999984741211,9.270000457763672,8.920000076293945,8.979999542236328,8.979999542236328,209000,0.7180866163008287,0.021136240661389284
2020-07-10,8.960000038146973,9.170000076293945,8.774999618530273,8.850000381469727,8.850000381469727,122100,0.6950090335481747,0.02127490795362248
2020-07-13,8.9399995803833,8.979999542236328,8.359999656677246,8.380000114440918,8.380000114440918,335400,0.6896512372632395,0.020137971405859097
2020-07-14,8.350000381469727,8.479999542236328,7.840000152587891,7.96999979019165,7.96999979019165,151500,0.6861046767193251,0.01895287063000591
2020-07-15,8.149999618530273,8.494999885559082,7.989999771118164,8.130000114440918,8.130000114440918,215000,0.6745972066227612,0.018421056306188618
2020-07-16,8.050000190734863,8.109999656677246,7.739999771118164,7.96999979019165,7.96999979019165,126200,0.6542688592441893,0.018557291382787423
2020-07-17,7.940000057220459,8.210000038146973,7.909999847412109,7.940000057220459,7.940000057220459,120000,0.628963954350666,0.019039263776411415
2020-07-20,7.920000076293945,8.09000015258789,7.820000171661377,7.960000038146973,7.960000038146973,234900,0.6033236705346551,0.019510765207811382
2020-07-21,8.069999694824219,8.229999542236328,7.96999979019165,8.149999618530273,8.149999618530273,191900,0.579514801502848,0.019817772623811077
2020-07-22,8.069999694824219,8.180000305175781,7.900000095367432,7.96999979019165,7.96999979019165,156300,0.5581209020960981,0.019930353108306705
2020-07-23,7.920000076293945,8.020000457763672,7.320000171661377,7.489999771118164,7.489999771118164,120700,0.5682551438108264,0.01923063086590825
2020-07-24,7.480000019073486,7.480000019073486,6.949999809265137,7.239999771118164,7.239999771118164,167600,0.5662369165281265,0.01800117346710766
2020-07-27,7.239999771118164,7.389999866485596,7.03000020980835,7.375,7.375,138700,0.551505683681635,0.01776760627992079
2020-07-28,7.380000114440918,7.429999828338623,6.820000171661377,6.920000076293945,6.920000076293945,232800,0.5556838246098929,0.016796930183373436
2020-07-29,6.96999979019165,7.010000228881836,6.840000152587891,6.960000038146973,6.960000038146973,109700,0.528134985444468,0.017564923682091393
2020-07-30,6.71999979019165,7.047999858856201,6.71999979019165,6.96999979019165,6.96999979019165,240300,0.5138396342459025,0.017331382790410972
2020-07-31,6.960000038146973,7.010000228881836,6.650000095367432,6.849999904632568,6.849999904632568,194500,0.5028510984793669,0.016878322288705585
2020-08-03,6.869999885559082,7.050000190734863,6.840000152587891,6.949999809265137,6.949999809265137,275500,0.48193316559848165,0.017166865902432705
2020-08-04,7.019999980926514,7.019999980926514,6.820000171661377,6.835000038146973,6.835000038146973,231400,0.46179506871752846,0.01737909668661274
2020-08-05,6.900000095367432,7.099999904632568,6.769999980926514,6.940000057220459,6.940000057220459,120000,0.4523811297881375,0.016810156846811183
2020-08-06,6.949999809265137,7.066999912261963,6.840000152587891,6.909999847412109,6.909999847412109,131100,0.4362824604942757,0.0167593363073148
2020-08-07,6.909999847412109,6.989999771118164,6.829999923706055,6.980000019073486,6.980000019073486,156400,0.41654798813126387,0.016971846025578875
2020-08-10,6.96999979019165,7.059999942779541,6.599999904632568,6.769999980926514,6.769999980926514,350200,0.4196517059895288,0.015981265442199306
2020-08-11,6.880000114440918,6.949999809265137,6.429999828338623,6.510000228881836,6.510000228881836,455500,0.4268194399135991,0.015351727476618665
2020-08-12,6.639999866485596,6.855000019073486,6.53000020980835,6.75,6.75,245900,0.42097517921917416,0.014672622706461972
2020-08-13,6.730000019073486,6.860000133514404,6.710000038146973,6.710000038146973,6.710000038146973,81895,0.40161981608690683,0.015007104165448069
